host.id,tree.id,xcoord,tips,reads,subgraphs,clades,overall.rtt,largest.rtt,max.branch.length,max.pat.distance,global.mean.pat.distance,subgraph.mean.pat.distance,normalised.overall.rtt,normalised.largest.rtt,normalised.max.branch.length,normalised.max.pat.distance,normalised.global.mean.pat.distance,normalised.subgraph.mean.pat.distance,prop.gp.1,prop.gp.2,prop.gp.3
104,1000_to_1099,1049.5,10,10,1,1,2.9123389,2.9123389,4.115691,7.8241890000000005,4.821714333333333,4.821714333333333,2.9123389,2.9123389,4.115691,7.8241890000000005,4.821714333333333,4.821714333333333,1,0,0
115,1000_to_1099,1049.5,10,10,1,1,4.0424765,4.0424765,4.043176,7.693284,5.141578866666666,5.141578866666666,4.0424765,4.0424765,4.043176,7.693284,5.141578866666666,5.141578866666666,1,0,0
146,1000_to_1099,1049.5,10,10,1,1,0.26314760000000004,0.26314760000000004,0.356923,0.7561100000000001,0.36703457777777776,0.36703457777777776,0.26314760000000004,0.26314760000000004,0.356923,0.7561100000000001,0.36703457777777776,0.36703457777777776,1,0,0
166,1000_to_1099,1049.5,10,10,1,8,0.16079709999999997,0.16079709999999997,0.11773,0.29663300000000004,0.16114846666666668,0.16114846666666668,0.16079709999999997,0.16079709999999997,0.11773,0.29663300000000004,0.16114846666666668,0.16114846666666668,1,0,0
174,1000_to_1099,1049.5,10,10,1,5,3.0767367000000005,3.0767367000000005,3.466774,7.297002,5.054777711111111,5.054777711111111,3.0767367000000005,3.0767367000000005,3.466774,7.297002,5.054777711111111,5.054777711111111,1,0,0
195,1000_to_1099,1049.5,10,10,1,1,0.1502202,0.1502202,0.170024,0.415669,0.23057097777777777,0.23057097777777777,0.1502202,0.1502202,0.170024,0.415669,0.23057097777777777,0.23057097777777777,1,0,0
212,1000_to_1099,1049.5,10,10,2,2,0.7263594999999999,0.40018855555555555,1.084066,1.608357,0.7094888222222222,0.5157973888888889,0.7263594999999999,0.40018855555555555,1.084066,1.608357,0.7094888222222222,0.5157973888888889,0.9,0.1,0
247,1000_to_1099,1049.5,10,10,1,1,0.09761509999999998,0.09761509999999998,0.083045,0.179917,0.1052329111111111,0.1052329111111111,0.09761509999999998,0.09761509999999998,0.083045,0.179917,0.1052329111111111,0.1052329111111111,1,0,0
289,1000_to_1099,1049.5,10,10,1,3,0.5103719,0.5103719,0.566804,1.241126,0.8769376222222222,0.8769376222222222,0.5103719,0.5103719,0.566804,1.241126,0.8769376222222222,0.8769376222222222,1,0,0
298,1000_to_1099,1049.5,10,10,1,1,0.656129,0.656129,0.6715409999999999,1.45194,0.9340303555555556,0.9340303555555556,0.656129,0.656129,0.6715409999999999,1.45194,0.9340303555555556,0.9340303555555556,1,0,0
328,1000_to_1099,1049.5,10,10,1,3,0.49488509999999997,0.49488509999999997,0.448246,1.26579,0.7005016666666667,0.7005016666666667,0.49488509999999997,0.49488509999999997,0.448246,1.26579,0.7005016666666667,0.7005016666666667,1,0,0
337,1000_to_1099,1049.5,10,10,1,5,0.2027737,0.2027737,0.219121,0.551059,0.23882953333333334,0.23882953333333334,0.2027737,0.2027737,0.219121,0.551059,0.23882953333333334,0.23882953333333334,1,0,0
374,1000_to_1099,1049.5,10,10,1,1,1.3809736,1.3809736,1.779819,3.6469799999999997,2.397342222222222,2.397342222222222,1.3809736,1.3809736,1.779819,3.6469799999999997,2.397342222222222,2.397342222222222,1,0,0
422,1000_to_1099,1049.5,10,10,1,1,0.0267038,0.0267038,0.031160999999999998,0.061386,0.029221466666666668,0.029221466666666668,0.0267038,0.0267038,0.031160999999999998,0.061386,0.029221466666666668,0.029221466666666668,1,0,0
487,1000_to_1099,1049.5,10,10,1,1,0.16088739999999999,0.16088739999999999,0.134432,0.32195999999999997,0.2134967111111111,0.2134967111111111,0.16088739999999999,0.16088739999999999,0.134432,0.32195999999999997,0.2134967111111111,0.2134967111111111,1,0,0
532,1000_to_1099,1049.5,10,10,2,6,3.8067753000000004,3.2934737499999995,3.819404,8.79866,6.206078022222222,5.601502642857143,3.8067753000000004,3.2934737499999995,3.819404,8.79866,6.206078022222222,5.601502642857143,0.8,0.2,0
578,1000_to_1099,1049.5,10,10,2,4,2.1595229000000002,1.821247,2.034283,4.965783,3.4866007333333333,2.919439619047619,2.1595229000000002,1.821247,2.034283,4.965783,3.4866007333333333,2.919439619047619,0.7,0.3,0
644,1000_to_1099,1049.5,10,10,1,1,2.0382312,2.0382312,1.928738,4.473093,3.4481369777777777,3.4481369777777777,2.0382312,2.0382312,1.928738,4.473093,3.4481369777777777,3.4481369777777777,1,0,0
655,1000_to_1099,1049.5,10,10,1,1,1.5733949,1.5733949,1.774291,3.612674,2.718699177777778,2.718699177777778,1.5733949,1.5733949,1.774291,3.612674,2.718699177777778,2.718699177777778,1,0,0
663,1000_to_1099,1049.5,10,10,2,7,0.8829331999999999,0.32005457142857147,1.415878,2.2804819999999997,1.2617600444444443,0.37167390476190476,0.8829331999999999,0.32005457142857147,1.415878,2.2804819999999997,1.2617600444444443,0.37167390476190476,0.7,0.3,0
795,1000_to_1099,1049.5,10,10,1,5,4.4246336,4.4246336,4.473615000000001,10.375995,7.6753438222222226,7.6753438222222226,4.4246336,4.4246336,4.473615000000001,10.375995,7.6753438222222226,7.6753438222222226,1,0,0
86,1000_to_1099,1049.5,10,10,1,8,0.7174701,0.7174701,0.48491399999999996,1.610795,1.1423129555555556,1.1423129555555556,0.7174701,0.7174701,0.48491399999999996,1.610795,1.1423129555555556,1.1423129555555556,1,0,0
882,1000_to_1099,1049.5,10,10,1,1,0.8675968,0.8675968,0.862129,1.999536,1.3885536444444444,1.3885536444444444,0.8675968,0.8675968,0.862129,1.999536,1.3885536444444444,1.3885536444444444,1,0,0
913,1000_to_1099,1049.5,10,10,1,3,0.6608826999999999,0.6608826999999999,0.650814,1.5221230000000001,0.9667816666666667,0.9667816666666667,0.6608826999999999,0.6608826999999999,0.650814,1.5221230000000001,0.9667816666666667,0.9667816666666667,1,0,0
971,1000_to_1099,1049.5,10,10,2,2,3.2120073000000007,2.4311028888888884,3.859235,6.834713000000001,4.333086733333333,3.8437739444444445,3.2120073000000007,2.4311028888888884,3.859235,6.834713000000001,4.333086733333333,3.8437739444444445,0.9,0.1,0
99,1000_to_1099,1049.5,10,10,1,3,1.895948,1.895948,2.3015999999999996,4.6864799999999995,3.1297576,3.1297576,1.895948,1.895948,2.3015999999999996,4.6864799999999995,3.1297576,3.1297576,1,0,0
990,1000_to_1099,1049.5,10,10,1,1,0.20803549999999998,0.20803549999999998,0.228825,0.47159999999999996,0.31370437777777777,0.31370437777777777,0.20803549999999998,0.20803549999999998,0.228825,0.47159999999999996,0.31370437777777777,0.31370437777777777,1,0,0
104,10200_to_10299,10249.5,10,10,1,1,2.8428120000000003,2.8428120000000003,3.768919,7.257173,4.543712044444445,4.543712044444445,2.8428120000000003,2.8428120000000003,3.768919,7.257173,4.543712044444445,4.543712044444445,1,0,0
115,10200_to_10299,10249.5,10,10,1,1,4.0899917,4.0899917,4.984537,8.837854,5.038758288888889,5.038758288888889,4.0899917,4.0899917,4.984537,8.837854,5.038758288888889,5.038758288888889,1,0,0
146,10200_to_10299,10249.5,10,10,1,1,0.327619,0.327619,0.30018,0.6162430000000001,0.37082217777777776,0.37082217777777776,0.327619,0.327619,0.30018,0.6162430000000001,0.37082217777777776,0.37082217777777776,1,0,0
166,10200_to_10299,10249.5,10,10,2,7,0.12149399999999999,0.05551771428571429,0.120048,0.31387799999999993,0.16821017777777778,0.06932180952380952,0.12149399999999999,0.05551771428571429,0.120048,0.31387799999999993,0.16821017777777778,0.06932180952380952,0.7,0.3,0
174,10200_to_10299,10249.5,10,10,1,5,3.3211934,3.3211934,3.360926,7.267218000000001,5.317558888888889,5.317558888888889,3.3211934,3.3211934,3.360926,7.267218000000001,5.317558888888889,5.317558888888889,1,0,0
195,10200_to_10299,10249.5,10,10,1,1,0.2487184,0.2487184,0.230572,0.507582,0.2673392888888889,0.2673392888888889,0.2487184,0.2487184,0.230572,0.507582,0.2673392888888889,0.2673392888888889,1,0,0
212,10200_to_10299,10249.5,10,10,1,1,0.6215915,0.6215915,0.8539289999999999,1.369616,0.6849435333333334,0.6849435333333334,0.6215915,0.6215915,0.8539289999999999,1.369616,0.6849435333333334,0.6849435333333334,1,0,0
247,10200_to_10299,10249.5,10,10,1,1,0.10592960000000003,0.10592960000000003,0.070012,0.18591400000000002,0.0974668,0.0974668,0.10592960000000003,0.10592960000000003,0.070012,0.18591400000000002,0.0974668,0.0974668,1,0,0
289,10200_to_10299,10249.5,10,10,1,4,0.5898714999999999,0.5898714999999999,0.435832,1.4018869999999999,0.9672553555555555,0.9672553555555555,0.5898714999999999,0.5898714999999999,0.435832,1.4018869999999999,0.9672553555555555,0.9672553555555555,1,0,0
298,10200_to_10299,10249.5,10,10,1,1,0.701108,0.701108,0.722264,1.522399,1.0275190666666667,1.0275190666666667,0.701108,0.701108,0.722264,1.522399,1.0275190666666667,1.0275190666666667,1,0,0
328,10200_to_10299,10249.5,10,10,1,1,0.47331559999999995,0.47331559999999995,0.432338,1.309602,0.7180712888888889,0.7180712888888889,0.47331559999999995,0.47331559999999995,0.432338,1.309602,0.7180712888888889,0.7180712888888889,1,0,0
337,10200_to_10299,10249.5,10,10,1,2,0.2329252,0.2329252,0.252986,0.6122489999999999,0.3032164,0.3032164,0.2329252,0.2329252,0.252986,0.6122489999999999,0.3032164,0.3032164,1,0,0
374,10200_to_10299,10249.5,10,10,1,1,1.2754317,1.2754317,1.31134,2.9950170000000003,2.2273024666666665,2.2273024666666665,1.2754317,1.2754317,1.31134,2.9950170000000003,2.2273024666666665,2.2273024666666665,1,0,0
422,10200_to_10299,10249.5,10,10,1,1,0.06447889999999999,0.06447889999999999,0.067749,0.088396,0.03317828888888889,0.03317828888888889,0.06447889999999999,0.06447889999999999,0.067749,0.088396,0.03317828888888889,0.03317828888888889,1,0,0
487,10200_to_10299,10249.5,10,10,1,1,0.1070378,0.1070378,0.110396,0.23990599999999995,0.1520316,0.1520316,0.1070378,0.1070378,0.110396,0.23990599999999995,0.1520316,0.1520316,1,0,0
532,10200_to_10299,10249.5,10,10,1,5,3.2754906,3.2754906,3.291208,8.757529,5.696263688888889,5.696263688888889,3.2754906,3.2754906,3.291208,8.757529,5.696263688888889,5.696263688888889,1,0,0
578,10200_to_10299,10249.5,10,10,1,1,2.1480669,2.1480669,2.187865,5.124853,3.541020911111111,3.541020911111111,2.1480669,2.1480669,2.187865,5.124853,3.541020911111111,3.541020911111111,1,0,0
644,10200_to_10299,10249.5,10,10,1,1,2.0999638999999997,2.0999638999999997,2.062906,4.696941,3.5351383333333333,3.5351383333333333,2.0999638999999997,2.0999638999999997,2.062906,4.696941,3.5351383333333333,3.5351383333333333,1,0,0
655,10200_to_10299,10249.5,10,10,1,1,1.7404809999999997,1.7404809999999997,1.85205,3.848446,2.8837027111111113,2.8837027111111113,1.7404809999999997,1.7404809999999997,1.85205,3.848446,2.8837027111111113,2.8837027111111113,1,0,0
663,10200_to_10299,10249.5,10,10,1,5,0.8109648999999999,0.8109648999999999,0.9122189999999999,2.009164,1.1303229555555556,1.1303229555555556,0.8109648999999999,0.8109648999999999,0.9122189999999999,2.009164,1.1303229555555556,1.1303229555555556,1,0,0
795,10200_to_10299,10249.5,10,10,1,4,4.0709225,4.0709225,3.338034,9.802805000000001,7.076325266666667,7.076325266666667,4.0709225,4.0709225,3.338034,9.802805000000001,7.076325266666667,7.076325266666667,1,0,0
86,10200_to_10299,10249.5,10,10,1,8,0.7079935,0.7079935,0.488422,1.605975,1.1797547333333334,1.1797547333333334,0.7079935,0.7079935,0.488422,1.605975,1.1797547333333334,1.1797547333333334,1,0,0
882,10200_to_10299,10249.5,10,10,1,1,0.8776862,0.8776862,0.785344,2.085038,1.3942153333333334,1.3942153333333334,0.8776862,0.8776862,0.785344,2.085038,1.3942153333333334,1.3942153333333334,1,0,0
913,10200_to_10299,10249.5,10,10,1,3,0.6477742,0.6477742,0.53,1.455811,0.985382,0.985382,0.6477742,0.6477742,0.53,1.455811,0.985382,0.985382,1,0,0
971,10200_to_10299,10249.5,10,10,1,1,2.9679696,2.9679696,2.643618,6.808223,4.776146,4.776146,2.9679696,2.9679696,2.643618,6.808223,4.776146,4.776146,1,0,0
99,10200_to_10299,10249.5,10,10,1,3,2.0599274999999997,2.0599274999999997,2.255752,5.574219,3.3047156666666666,3.3047156666666666,2.0599274999999997,2.0599274999999997,2.255752,5.574219,3.3047156666666666,3.3047156666666666,1,0,0
990,10200_to_10299,10249.5,10,10,1,1,0.2551091,0.2551091,0.317309,0.570766,0.3792358888888889,0.3792358888888889,0.2551091,0.2551091,0.317309,0.570766,0.3792358888888889,0.3792358888888889,1,0,0
104,10800_to_10899,10849.5,10,10,1,1,2.7368422000000003,2.7368422000000003,3.327741,6.9588,4.6819187555555555,4.6819187555555555,2.7368422000000003,2.7368422000000003,3.327741,6.9588,4.6819187555555555,4.6819187555555555,1,0,0
115,10800_to_10899,10849.5,10,10,1,2,3.6743429,3.6743429,5.3600970000000006,8.839471,4.948964377777778,4.948964377777778,3.6743429,3.6743429,5.3600970000000006,8.839471,4.948964377777778,4.948964377777778,1,0,0
146,10800_to_10899,10849.5,10,10,1,1,0.34169969999999994,0.34169969999999994,0.433818,0.740393,0.39931077777777774,0.39931077777777774,0.34169969999999994,0.34169969999999994,0.433818,0.740393,0.39931077777777774,0.39931077777777774,1,0,0
166,10800_to_10899,10849.5,10,10,2,4,0.1321534,0.12270266666666668,0.11281,0.27296600000000004,0.14807773333333332,0.136429,0.1321534,0.12270266666666668,0.11281,0.27296600000000004,0.14807773333333332,0.136429,0.9,0.1,0
174,10800_to_10899,10849.5,10,10,1,5,3.3595768,3.3595768,3.881336,7.67458,5.461342977777778,5.461342977777778,3.3595768,3.3595768,3.881336,7.67458,5.461342977777778,5.461342977777778,1,0,0
195,10800_to_10899,10849.5,10,10,1,1,0.1670731,0.1670731,0.139662,0.38547,0.22069379999999997,0.22069379999999997,0.1670731,0.1670731,0.139662,0.38547,0.22069379999999997,0.22069379999999997,1,0,0
212,10800_to_10899,10849.5,10,10,1,1,0.5478098000000001,0.5478098000000001,0.753622,1.246176,0.6002988444444445,0.6002988444444445,0.5478098000000001,0.5478098000000001,0.753622,1.246176,0.6002988444444445,0.6002988444444445,1,0,0
247,10800_to_10899,10849.5,10,10,1,1,0.13771799999999998,0.13771799999999998,0.082033,0.18678799999999998,0.10477142222222222,0.10477142222222222,0.13771799999999998,0.13771799999999998,0.082033,0.18678799999999998,0.10477142222222222,0.10477142222222222,1,0,0
289,10800_to_10899,10849.5,10,10,1,4,0.5301793,0.5301793,0.480686,1.155439,0.8313039333333333,0.8313039333333333,0.5301793,0.5301793,0.480686,1.155439,0.8313039333333333,0.8313039333333333,1,0,0
298,10800_to_10899,10849.5,10,10,1,1,0.8082520000000001,0.8082520000000001,1.098882,1.84411,1.046141511111111,1.046141511111111,0.8082520000000001,0.8082520000000001,1.098882,1.84411,1.046141511111111,1.046141511111111,1,0,0
328,10800_to_10899,10849.5,10,10,2,6,0.5486903999999999,0.442453,0.383952,1.104961,0.6838467555555556,0.5418000000000001,0.5486903999999999,0.442453,0.383952,1.104961,0.6838467555555556,0.5418000000000001,0.8,0.2,0
337,10800_to_10899,10849.5,10,10,1,3,0.24604610000000005,0.24604610000000005,0.26116300000000003,0.556899,0.2740416666666667,0.2740416666666667,0.24604610000000005,0.24604610000000005,0.26116300000000003,0.556899,0.2740416666666667,0.2740416666666667,1,0,0
374,10800_to_10899,10849.5,10,10,1,1,1.2954744999999999,1.2954744999999999,1.540667,3.3170269999999995,2.2425984666666667,2.2425984666666667,1.2954744999999999,1.2954744999999999,1.540667,3.3170269999999995,2.2425984666666667,2.2425984666666667,1,0,0
422,10800_to_10899,10849.5,10,10,1,1,0.0332662,0.0332662,0.031946,0.057621000000000006,0.030546755555555558,0.030546755555555558,0.0332662,0.0332662,0.031946,0.057621000000000006,0.030546755555555558,0.030546755555555558,1,0,0
487,10800_to_10899,10849.5,10,10,1,1,0.11690079999999999,0.11690079999999999,0.103342,0.28458100000000003,0.1770008888888889,0.1770008888888889,0.11690079999999999,0.11690079999999999,0.103342,0.28458100000000003,0.1770008888888889,0.1770008888888889,1,0,0
532,10800_to_10899,10849.5,10,10,1,6,3.2121119,3.2121119,3.726948,8.010435000000001,5.625617711111111,5.625617711111111,3.2121119,3.2121119,3.726948,8.010435000000001,5.625617711111111,5.625617711111111,1,0,0
578,10800_to_10899,10849.5,10,10,1,2,2.0994205,2.0994205,2.320589,5.258183000000001,3.472683177777778,3.472683177777778,2.0994205,2.0994205,2.320589,5.258183000000001,3.472683177777778,3.472683177777778,1,0,0
644,10800_to_10899,10849.5,10,10,1,1,2.0095692000000005,2.0095692000000005,1.570126,4.603144,3.3559706222222223,3.3559706222222223,2.0095692000000005,2.0095692000000005,1.570126,4.603144,3.3559706222222223,3.3559706222222223,1,0,0
655,10800_to_10899,10849.5,10,10,2,2,1.5062060000000002,1.3928135555555556,1.780706,3.5525670000000003,2.4921953777777777,2.321864333333333,1.5062060000000002,1.3928135555555556,1.780706,3.5525670000000003,2.4921953777777777,2.321864333333333,0.9,0.1,0
663,10800_to_10899,10849.5,10,10,1,4,0.7154261,0.7154261,1.029457,2.059151,1.1225234444444443,1.1225234444444443,0.7154261,0.7154261,1.029457,2.059151,1.1225234444444443,1.1225234444444443,1,0,0
795,10800_to_10899,10849.5,10,10,1,5,4.1665338,4.1665338,3.472978,9.418947999999999,6.8305115999999995,6.8305115999999995,4.1665338,4.1665338,3.472978,9.418947999999999,6.8305115999999995,6.8305115999999995,1,0,0
86,10800_to_10899,10849.5,10,10,1,7,0.7133799999999999,0.7133799999999999,0.50186,1.545497,1.1136487555555554,1.1136487555555554,0.7133799999999999,0.7133799999999999,0.50186,1.545497,1.1136487555555554,1.1136487555555554,1,0,0
882,10800_to_10899,10849.5,10,10,1,1,0.7660473,0.7660473,0.757047,1.898667,1.2599014,1.2599014,0.7660473,0.7660473,0.757047,1.898667,1.2599014,1.2599014,1,0,0
913,10800_to_10899,10849.5,10,10,1,3,0.7493086999999999,0.7493086999999999,0.8470880000000001,1.784197,1.0646674444444444,1.0646674444444444,0.7493086999999999,0.7493086999999999,0.8470880000000001,1.784197,1.0646674444444444,1.0646674444444444,1,0,0
971,10800_to_10899,10849.5,10,10,1,1,2.7673177,2.7673177,2.661252,6.577026,4.464600244444444,4.464600244444444,2.7673177,2.7673177,2.661252,6.577026,4.464600244444444,4.464600244444444,1,0,0
99,10800_to_10899,10849.5,10,10,2,3,2.003961,1.9819705555555553,1.802346,4.562526,3.1152083555555556,2.870245111111111,2.003961,1.9819705555555553,1.802346,4.562526,3.1152083555555556,2.870245111111111,0.9,0.1,0
990,10800_to_10899,10849.5,10,10,1,1,0.20924130000000002,0.20924130000000002,0.201332,0.473955,0.30363477777777775,0.30363477777777775,0.20924130000000002,0.20924130000000002,0.201332,0.473955,0.30363477777777775,0.30363477777777775,1,0,0
104,1300_to_1399,1349.5,10,10,1,1,2.7172916999999996,2.7172916999999996,3.822281,7.7076899999999995,4.8820181555555555,4.8820181555555555,2.7172916999999996,2.7172916999999996,3.822281,7.7076899999999995,4.8820181555555555,4.8820181555555555,1,0,0
115,1300_to_1399,1349.5,10,10,1,1,3.2715896,3.2715896,4.396359,9.311466,5.183520622222222,5.183520622222222,3.2715896,3.2715896,4.396359,9.311466,5.183520622222222,5.183520622222222,1,0,0
146,1300_to_1399,1349.5,10,10,1,1,0.3388091999999999,0.3388091999999999,0.331505,0.655679,0.3537030666666667,0.3537030666666667,0.3388091999999999,0.3388091999999999,0.331505,0.655679,0.3537030666666667,0.3537030666666667,1,0,0
166,1300_to_1399,1349.5,10,10,2,4,0.1046234,0.048671857142857135,0.108034,0.25644300000000003,0.13922413333333333,0.055672380952380945,0.1046234,0.048671857142857135,0.108034,0.25644300000000003,0.13922413333333333,0.055672380952380945,0.7,0.3,0
174,1300_to_1399,1349.5,10,10,1,5,3.3319381999999997,3.3319381999999997,4.127881,8.483046,5.433365422222222,5.433365422222222,3.3319381999999997,3.3319381999999997,4.127881,8.483046,5.433365422222222,5.433365422222222,1,0,0
195,1300_to_1399,1349.5,10,10,1,1,0.1628152,0.1628152,0.14354,0.371705,0.2134175111111111,0.2134175111111111,0.1628152,0.1628152,0.14354,0.371705,0.2134175111111111,0.2134175111111111,1,0,0
212,1300_to_1399,1349.5,10,10,1,1,0.5111144999999999,0.5111144999999999,0.755528,1.139209,0.5477606,0.5477606,0.5111144999999999,0.5111144999999999,0.755528,1.139209,0.5477606,0.5477606,1,0,0
247,1300_to_1399,1349.5,10,10,1,1,0.07845450000000001,0.07845450000000001,0.079705,0.182109,0.09410375555555556,0.09410375555555556,0.07845450000000001,0.07845450000000001,0.079705,0.182109,0.09410375555555556,0.09410375555555556,1,0,0
289,1300_to_1399,1349.5,10,10,1,4,0.5465037,0.5465037,0.5539229999999999,1.241012,0.8515769111111111,0.8515769111111111,0.5465037,0.5465037,0.5539229999999999,1.241012,0.8515769111111111,0.8515769111111111,1,0,0
298,1300_to_1399,1349.5,10,10,1,1,0.6452245000000001,0.6452245000000001,0.67526,1.5196809999999998,1.0123674,1.0123674,0.6452245000000001,0.6452245000000001,0.67526,1.5196809999999998,1.0123674,1.0123674,1,0,0
328,1300_to_1399,1349.5,10,10,1,3,0.8801838999999999,0.8801838999999999,0.442019,1.354711,0.8016097111111111,0.8016097111111111,0.8801838999999999,0.8801838999999999,0.442019,1.354711,0.8016097111111111,0.8016097111111111,1,0,0
337,1300_to_1399,1349.5,10,10,1,2,0.15559420000000002,0.15559420000000002,0.172162,0.43334599999999995,0.2336956,0.2336956,0.15559420000000002,0.15559420000000002,0.172162,0.43334599999999995,0.2336956,0.2336956,1,0,0
374,1300_to_1399,1349.5,10,10,1,1,1.4177543000000001,1.4177543000000001,1.709204,3.4666550000000003,2.4540579333333334,2.4540579333333334,1.4177543000000001,1.4177543000000001,1.709204,3.4666550000000003,2.4540579333333334,2.4540579333333334,1,0,0
422,1300_to_1399,1349.5,10,10,1,1,0.030165000000000004,0.030165000000000004,0.020377,0.049232000000000005,0.02229386666666667,0.02229386666666667,0.030165000000000004,0.030165000000000004,0.020377,0.049232000000000005,0.02229386666666667,0.02229386666666667,1,0,0
487,1300_to_1399,1349.5,10,10,1,1,0.12637069999999997,0.12637069999999997,0.102385,0.25684300000000004,0.17720726666666667,0.17720726666666667,0.12637069999999997,0.12637069999999997,0.102385,0.25684300000000004,0.17720726666666667,0.17720726666666667,1,0,0
532,1300_to_1399,1349.5,10,10,1,6,3.6932803,3.6932803,3.983401,9.470684,6.604971133333334,6.604971133333334,3.6932803,3.6932803,3.983401,9.470684,6.604971133333334,6.604971133333334,1,0,0
578,1300_to_1399,1349.5,10,10,1,1,1.9227445999999997,1.9227445999999997,2.159671,4.5343,3.263593288888889,3.263593288888889,1.9227445999999997,1.9227445999999997,2.159671,4.5343,3.263593288888889,3.263593288888889,1,0,0
644,1300_to_1399,1349.5,10,10,1,1,1.8893102999999996,1.8893102999999996,1.576897,4.5744299999999996,3.3109726888888886,3.3109726888888886,1.8893102999999996,1.8893102999999996,1.576897,4.5744299999999996,3.3109726888888886,3.3109726888888886,1,0,0
655,1300_to_1399,1349.5,10,10,1,1,1.5229355999999998,1.5229355999999998,1.765288,3.585736,2.6793640888888888,2.6793640888888888,1.5229355999999998,1.5229355999999998,1.765288,3.585736,2.6793640888888888,2.6793640888888888,1,0,0
663,1300_to_1399,1349.5,10,10,1,7,0.7252541,0.7252541,1.261514,2.5316209999999995,1.1930194444444444,1.1930194444444444,0.7252541,0.7252541,1.261514,2.5316209999999995,1.1930194444444444,1.1930194444444444,1,0,0
795,1300_to_1399,1349.5,10,10,1,5,4.2372665000000005,4.2372665000000005,3.393204,9.140819,6.994388866666667,6.994388866666667,4.2372665000000005,4.2372665000000005,3.393204,9.140819,6.994388866666667,6.994388866666667,1,0,0
86,1300_to_1399,1349.5,10,10,1,7,0.7791629,0.7791629,0.503967,1.7888259999999998,1.1901060222222222,1.1901060222222222,0.7791629,0.7791629,0.503967,1.7888259999999998,1.1901060222222222,1.1901060222222222,1,0,0
882,1300_to_1399,1349.5,10,10,1,1,0.8271765,0.8271765,0.809066,1.9472669999999996,1.3337210888888889,1.3337210888888889,0.8271765,0.8271765,0.809066,1.9472669999999996,1.3337210888888889,1.3337210888888889,1,0,0
913,1300_to_1399,1349.5,10,10,1,3,0.9163407000000001,0.9163407000000001,1.181584,2.060847,1.2380192222222222,1.2380192222222222,0.9163407000000001,0.9163407000000001,1.181584,2.060847,1.2380192222222222,1.2380192222222222,1,0,0
971,1300_to_1399,1349.5,10,10,1,1,2.5593246,2.5593246,2.527652,6.350078,4.180303733333333,4.180303733333333,2.5593246,2.5593246,2.527652,6.350078,4.180303733333333,4.180303733333333,1,0,0
99,1300_to_1399,1349.5,10,10,1,3,1.896876,1.896876,1.9864670000000002,5.3941680000000005,3.229936888888889,3.229936888888889,1.896876,1.896876,1.9864670000000002,5.3941680000000005,3.229936888888889,3.229936888888889,1,0,0
990,1300_to_1399,1349.5,10,10,1,1,0.1742113,0.1742113,0.17853100000000002,0.38445300000000004,0.27588722222222223,0.27588722222222223,0.1742113,0.1742113,0.17853100000000002,0.38445300000000004,0.27588722222222223,0.27588722222222223,1,0,0
104,3200_to_3299,3249.5,10,10,2,2,3.4460697000000002,2.7481313333333337,5.267323,9.151805,5.2042873555555555,4.501495611111111,3.4460697000000002,2.7481313333333337,5.267323,9.151805,5.2042873555555555,4.501495611111111,0.9,0.1,0
115,3200_to_3299,3249.5,10,10,1,1,5.183948200000001,5.183948200000001,5.0205280000000005,9.494399999999999,5.806505111111111,5.806505111111111,5.183948200000001,5.183948200000001,5.0205280000000005,9.494399999999999,5.806505111111111,5.806505111111111,1,0,0
146,3200_to_3299,3249.5,10,10,1,1,0.4410484,0.4410484,0.40587399999999996,0.820472,0.4651161333333333,0.4651161333333333,0.4410484,0.4410484,0.40587399999999996,0.820472,0.4651161333333333,0.4651161333333333,1,0,0
166,3200_to_3299,3249.5,10,10,1,4,0.1368239,0.1368239,0.106352,0.282476,0.14813304444444444,0.14813304444444444,0.1368239,0.1368239,0.106352,0.282476,0.14813304444444444,0.14813304444444444,1,0,0
174,3200_to_3299,3249.5,10,10,1,5,3.9657694999999995,3.9657694999999995,4.812660999999999,9.875187,6.226528244444444,6.226528244444444,3.9657694999999995,3.9657694999999995,4.812660999999999,9.875187,6.226528244444444,6.226528244444444,1,0,0
195,3200_to_3299,3249.5,10,10,1,1,0.1664616,0.1664616,0.226593,0.42934999999999995,0.24359084444444443,0.24359084444444443,0.1664616,0.1664616,0.226593,0.42934999999999995,0.24359084444444443,0.24359084444444443,1,0,0
212,3200_to_3299,3249.5,10,10,1,2,0.6924374,0.6924374,1.001558,1.4496189999999998,0.6515353777777777,0.6515353777777777,0.6924374,0.6924374,1.001558,1.4496189999999998,0.6515353777777777,0.6515353777777777,1,0,0
247,3200_to_3299,3249.5,10,10,1,1,0.08376750000000001,0.08376750000000001,0.07866300000000001,0.18301299999999998,0.10359548888888889,0.10359548888888889,0.08376750000000001,0.08376750000000001,0.07866300000000001,0.18301299999999998,0.10359548888888889,0.10359548888888889,1,0,0
289,3200_to_3299,3249.5,10,10,1,4,0.6171808,0.6171808,0.695759,1.5819720000000002,1.0664329333333333,1.0664329333333333,0.6171808,0.6171808,0.695759,1.5819720000000002,1.0664329333333333,1.0664329333333333,1,0,0
298,3200_to_3299,3249.5,10,10,1,1,0.8441418,0.8441418,0.9831240000000001,2.088119,1.2205349777777779,1.2205349777777779,0.8441418,0.8441418,0.9831240000000001,2.088119,1.2205349777777779,1.2205349777777779,1,0,0
328,3200_to_3299,3249.5,10,10,1,1,0.6092468,0.6092468,0.49127299999999996,1.563116,0.8190112,0.8190112,0.6092468,0.6092468,0.49127299999999996,1.563116,0.8190112,0.8190112,1,0,0
337,3200_to_3299,3249.5,10,10,1,2,0.24689389999999997,0.24689389999999997,0.308291,0.588561,0.3066918,0.3066918,0.24689389999999997,0.24689389999999997,0.308291,0.588561,0.3066918,0.3066918,1,0,0
374,3200_to_3299,3249.5,10,10,1,1,1.5316921999999997,1.5316921999999997,1.806684,3.8422270000000003,2.5498977333333332,2.5498977333333332,1.5316921999999997,1.5316921999999997,1.806684,3.8422270000000003,2.5498977333333332,2.5498977333333332,1,0,0
422,3200_to_3299,3249.5,10,10,1,1,0.048887000000000014,0.048887000000000014,0.04481400000000001,0.067177,0.03274782222222222,0.03274782222222222,0.048887000000000014,0.048887000000000014,0.04481400000000001,0.067177,0.03274782222222222,0.03274782222222222,1,0,0
487,3200_to_3299,3249.5,10,10,1,1,0.13197719999999996,0.13197719999999996,0.104655,0.30709100000000006,0.18303902222222224,0.18303902222222224,0.13197719999999996,0.13197719999999996,0.104655,0.30709100000000006,0.18303902222222224,0.18303902222222224,1,0,0
532,3200_to_3299,3249.5,10,10,1,6,3.4862242,3.4862242,3.322063,8.616825,6.1630910666666665,6.1630910666666665,3.4862242,3.4862242,3.322063,8.616825,6.1630910666666665,6.1630910666666665,1,0,0
578,3200_to_3299,3249.5,10,10,2,2,2.5874689000000006,2.179987875,2.06156,5.650986,3.9102356666666664,3.5725998214285712,2.5874689000000006,2.179987875,2.06156,5.650986,3.9102356666666664,3.5725998214285712,0.8,0.2,0
644,3200_to_3299,3249.5,10,10,1,1,2.4126277999999997,2.4126277999999997,1.736949,5.589145,4.022396488888889,4.022396488888889,2.4126277999999997,2.4126277999999997,1.736949,5.589145,4.022396488888889,4.022396488888889,1,0,0
655,3200_to_3299,3249.5,10,10,1,1,1.8483127,1.8483127,2.329238,4.5069420000000004,3.006986244444444,3.006986244444444,1.8483127,1.8483127,2.329238,4.5069420000000004,3.006986244444444,3.006986244444444,1,0,0
663,3200_to_3299,3249.5,10,10,1,9,0.6557957,0.6557957,0.621226,1.605943,0.9463686,0.9463686,0.6557957,0.6557957,0.621226,1.605943,0.9463686,0.9463686,1,0,0
795,3200_to_3299,3249.5,10,10,1,5,4.801936499999999,4.801936499999999,5.212971,11.757587999999998,8.344858288888888,8.344858288888888,4.801936499999999,4.801936499999999,5.212971,11.757587999999998,8.344858288888888,8.344858288888888,1,0,0
86,3200_to_3299,3249.5,10,10,1,7,0.7951528999999999,0.7951528999999999,0.604583,1.8616130000000002,1.2313898888888888,1.2313898888888888,0.7951528999999999,0.7951528999999999,0.604583,1.8616130000000002,1.2313898888888888,1.2313898888888888,1,0,0
882,3200_to_3299,3249.5,10,10,1,1,0.9856960999999999,0.9856960999999999,0.816848,2.1052649999999997,1.3273815333333334,1.3273815333333334,0.9856960999999999,0.9856960999999999,0.816848,2.1052649999999997,1.3273815333333334,1.3273815333333334,1,0,0
913,3200_to_3299,3249.5,10,10,2,3,0.6954737,0.688699125,0.535038,1.611517,1.0598226444444445,0.9858400357142857,0.6954737,0.688699125,0.535038,1.611517,1.0598226444444445,0.9858400357142857,0.8,0.2,0
971,3200_to_3299,3249.5,10,10,1,1,2.8996068999999998,2.8996068999999998,2.824729,6.85084,4.891997844444444,4.891997844444444,2.8996068999999998,2.8996068999999998,2.824729,6.85084,4.891997844444444,4.891997844444444,1,0,0
99,3200_to_3299,3249.5,10,10,1,3,2.2011384,2.2011384,1.971331,5.186,3.5057865777777777,3.5057865777777777,2.2011384,2.2011384,1.971331,5.186,3.5057865777777777,3.5057865777777777,1,0,0
990,3200_to_3299,3249.5,10,10,1,1,0.24496979999999996,0.24496979999999996,0.259979,0.587151,0.3507496888888889,0.3507496888888889,0.24496979999999996,0.24496979999999996,0.259979,0.587151,0.3507496888888889,0.3507496888888889,1,0,0
104,4700_to_4799,4749.5,10,10,1,1,2.7389504,2.7389504,3.388925,6.73474,4.593290355555556,4.593290355555556,2.7389504,2.7389504,3.388925,6.73474,4.593290355555556,4.593290355555556,1,0,0
115,4700_to_4799,4749.5,10,10,1,1,4.6883754,4.6883754,5.800929,10.952656999999999,5.451995466666666,5.451995466666666,4.6883754,4.6883754,5.800929,10.952656999999999,5.451995466666666,5.451995466666666,1,0,0
146,4700_to_4799,4749.5,10,10,1,1,0.42859030000000004,0.42859030000000004,0.491073,0.7755700000000001,0.4129263777777778,0.4129263777777778,0.42859030000000004,0.42859030000000004,0.491073,0.7755700000000001,0.4129263777777778,0.4129263777777778,1,0,0
166,4700_to_4799,4749.5,10,10,1,8,0.1461365,0.1461365,0.108488,0.28208,0.15060859999999998,0.15060859999999998,0.1461365,0.1461365,0.108488,0.28208,0.15060859999999998,0.15060859999999998,1,0,0
174,4700_to_4799,4749.5,10,10,1,4,3.2303140999999997,3.2303140999999997,4.259141,8.097069,5.2692952222222225,5.2692952222222225,3.2303140999999997,3.2303140999999997,4.259141,8.097069,5.2692952222222225,5.2692952222222225,1,0,0
195,4700_to_4799,4749.5,10,10,1,1,0.196645,0.196645,0.26780699999999996,0.534801,0.2901719555555555,0.2901719555555555,0.196645,0.196645,0.26780699999999996,0.534801,0.2901719555555555,0.2901719555555555,1,0,0
212,4700_to_4799,4749.5,10,10,2,2,0.5626784,0.37939755555555554,0.7823100000000001,1.262478,0.6301961333333334,0.49731827777777776,0.5626784,0.37939755555555554,0.7823100000000001,1.262478,0.6301961333333334,0.49731827777777776,0.9,0.1,0
247,4700_to_4799,4749.5,10,10,1,1,0.0781987,0.0781987,0.071908,0.154557,0.08190277777777777,0.08190277777777777,0.0781987,0.0781987,0.071908,0.154557,0.08190277777777777,0.08190277777777777,1,0,0
289,4700_to_4799,4749.5,10,10,1,4,0.5464839,0.5464839,0.655373,1.278943,0.9391589555555556,0.9391589555555556,0.5464839,0.5464839,0.655373,1.278943,0.9391589555555556,0.9391589555555556,1,0,0
298,4700_to_4799,4749.5,10,10,1,1,0.7777594000000001,0.7777594000000001,0.978449,1.7957450000000001,1.1365231555555555,1.1365231555555555,0.7777594000000001,0.7777594000000001,0.978449,1.7957450000000001,1.1365231555555555,1.1365231555555555,1,0,0
328,4700_to_4799,4749.5,10,10,1,1,0.4464831,0.4464831,0.376196,1.204711,0.6672256222222223,0.6672256222222223,0.4464831,0.4464831,0.376196,1.204711,0.6672256222222223,0.6672256222222223,1,0,0
337,4700_to_4799,4749.5,10,10,1,2,0.21685959999999999,0.21685959999999999,0.278943,0.5804639999999999,0.28380666666666665,0.28380666666666665,0.21685959999999999,0.21685959999999999,0.278943,0.5804639999999999,0.28380666666666665,0.28380666666666665,1,0,0
374,4700_to_4799,4749.5,10,10,1,1,1.3149165000000003,1.3149165000000003,1.106449,2.913106,2.2323829111111113,2.2323829111111113,1.3149165000000003,1.3149165000000003,1.106449,2.913106,2.2323829111111113,2.2323829111111113,1,0,0
422,4700_to_4799,4749.5,10,10,1,1,0.0524282,0.0524282,0.052953,0.075142,0.03242324444444444,0.03242324444444444,0.0524282,0.0524282,0.052953,0.075142,0.03242324444444444,0.03242324444444444,1,0,0
487,4700_to_4799,4749.5,10,10,1,1,0.1362391,0.1362391,0.097555,0.271331,0.1828841111111111,0.1828841111111111,0.1362391,0.1362391,0.097555,0.271331,0.1828841111111111,0.1828841111111111,1,0,0
532,4700_to_4799,4749.5,10,10,1,5,3.4219036000000003,3.4219036000000003,4.872412,9.966275999999999,6.068248088888889,6.068248088888889,3.4219036000000003,3.4219036000000003,4.872412,9.966275999999999,6.068248088888889,6.068248088888889,1,0,0
578,4700_to_4799,4749.5,10,10,1,1,1.978011,1.978011,2.149069,4.802806,3.3030677777777777,3.3030677777777777,1.978011,1.978011,2.149069,4.802806,3.3030677777777777,3.3030677777777777,1,0,0
644,4700_to_4799,4749.5,10,10,1,1,2.0809333000000003,2.0809333000000003,1.580649,4.567417,3.4544044666666665,3.4544044666666665,2.0809333000000003,2.0809333000000003,1.580649,4.567417,3.4544044666666665,3.4544044666666665,1,0,0
655,4700_to_4799,4749.5,10,10,1,1,1.6408944,1.6408944,1.858101,3.608026,2.637015377777778,2.637015377777778,1.6408944,1.6408944,1.858101,3.608026,2.637015377777778,2.637015377777778,1,0,0
663,4700_to_4799,4749.5,10,10,1,5,1.3407705,1.3407705,0.836993,1.678364,0.9771303777777777,0.9771303777777777,1.3407705,1.3407705,0.836993,1.678364,0.9771303777777777,0.9771303777777777,1,0,0
795,4700_to_4799,4749.5,10,10,1,4,5.1427216,5.1427216,4.769351,11.434299,8.586298977777778,8.586298977777778,5.1427216,5.1427216,4.769351,11.434299,8.586298977777778,8.586298977777778,1,0,0
86,4700_to_4799,4749.5,10,10,1,8,0.7756755,0.7756755,0.463903,1.656923,1.2248977111111112,1.2248977111111112,0.7756755,0.7756755,0.463903,1.656923,1.2248977111111112,1.2248977111111112,1,0,0
882,4700_to_4799,4749.5,10,10,1,1,0.9105924999999999,0.9105924999999999,0.702869,1.954802,1.2730885111111112,1.2730885111111112,0.9105924999999999,0.9105924999999999,0.702869,1.954802,1.2730885111111112,1.2730885111111112,1,0,0
913,4700_to_4799,4749.5,10,10,1,3,0.7118867999999999,0.7118867999999999,0.677304,1.513732,1.047975911111111,1.047975911111111,0.7118867999999999,0.7118867999999999,0.677304,1.513732,1.047975911111111,1.047975911111111,1,0,0
971,4700_to_4799,4749.5,10,10,1,1,2.9263288,2.9263288,2.315304,7.030281,4.709814177777778,4.709814177777778,2.9263288,2.9263288,2.315304,7.030281,4.709814177777778,4.709814177777778,1,0,0
99,4700_to_4799,4749.5,10,10,2,2,2.2674966000000003,1.9593734444444442,2.7181650000000004,5.135659,3.2736457333333333,2.9226725555555557,2.2674966000000003,1.9593734444444442,2.7181650000000004,5.135659,3.2736457333333333,2.9226725555555557,0.9,0.1,0
990,4700_to_4799,4749.5,10,10,1,1,0.23346669999999997,0.23346669999999997,0.237464,0.4672179999999999,0.3149799333333333,0.3149799333333333,0.23346669999999997,0.23346669999999997,0.237464,0.4672179999999999,0.3149799333333333,0.3149799333333333,1,0,0
104,5900_to_5999,5949.5,10,10,1,1,3.2914432000000007,3.2914432000000007,4.211505,8.500084999999999,5.283273644444445,5.283273644444445,3.2914432000000007,3.2914432000000007,4.211505,8.500084999999999,5.283273644444445,5.283273644444445,1,0,0
115,5900_to_5999,5949.5,10,10,1,1,4.2278667,4.2278667,4.090174,8.05861,5.264911355555555,5.264911355555555,4.2278667,4.2278667,4.090174,8.05861,5.264911355555555,5.264911355555555,1,0,0
146,5900_to_5999,5949.5,10,10,1,1,0.4422504,0.4422504,0.64646,0.9829120000000001,0.4861798222222222,0.4861798222222222,0.4422504,0.4422504,0.64646,0.9829120000000001,0.4861798222222222,0.4861798222222222,1,0,0
166,5900_to_5999,5949.5,10,10,3,5,0.12847429999999999,0.042138714285714286,0.116474,0.277918,0.15024908888888888,0.05762638095238096,0.12847429999999999,0.042138714285714286,0.116474,0.277918,0.15024908888888888,0.05762638095238096,0.7,0.2,0.1
174,5900_to_5999,5949.5,10,10,1,5,4.0005524,4.0005524,3.530513,9.124619,6.219663022222223,6.219663022222223,4.0005524,4.0005524,3.530513,9.124619,6.219663022222223,6.219663022222223,1,0,0
195,5900_to_5999,5949.5,10,10,1,1,0.1846312,0.1846312,0.150891,0.38141,0.2284975111111111,0.2284975111111111,0.1846312,0.1846312,0.150891,0.38141,0.2284975111111111,0.2284975111111111,1,0,0
212,5900_to_5999,5949.5,10,10,2,2,0.6652466,0.4176501111111111,0.7795350000000001,1.312457,0.6394824444444445,0.5000567777777778,0.6652466,0.4176501111111111,0.7795350000000001,1.312457,0.6394824444444445,0.5000567777777778,0.9,0.1,0
247,5900_to_5999,5949.5,10,10,1,1,0.1043423,0.1043423,0.079555,0.17273499999999997,0.09651206666666666,0.09651206666666666,0.1043423,0.1043423,0.079555,0.17273499999999997,0.09651206666666666,0.09651206666666666,1,0,0
289,5900_to_5999,5949.5,10,10,1,4,0.5019409000000001,0.5019409000000001,0.578561,1.2745860000000002,0.9018502444444444,0.9018502444444444,0.5019409000000001,0.5019409000000001,0.578561,1.2745860000000002,0.9018502444444444,0.9018502444444444,1,0,0
298,5900_to_5999,5949.5,10,10,1,1,0.7761964000000001,0.7761964000000001,0.926145,1.758442,1.089300311111111,1.089300311111111,0.7761964000000001,0.7761964000000001,0.926145,1.758442,1.089300311111111,1.089300311111111,1,0,0
328,5900_to_5999,5949.5,10,10,1,1,0.5353265,0.5353265,0.45909999999999995,1.467547,0.8132979777777777,0.8132979777777777,0.5353265,0.5353265,0.45909999999999995,1.467547,0.8132979777777777,0.8132979777777777,1,0,0
337,5900_to_5999,5949.5,10,10,1,4,0.15413149999999995,0.15413149999999995,0.239274,0.5397830000000001,0.2776482,0.2776482,0.15413149999999995,0.15413149999999995,0.239274,0.5397830000000001,0.2776482,0.2776482,1,0,0
374,5900_to_5999,5949.5,10,10,1,1,1.7118322,1.7118322,1.460538,3.7026329999999996,2.6824707555555554,2.6824707555555554,1.7118322,1.7118322,1.460538,3.7026329999999996,2.6824707555555554,2.6824707555555554,1,0,0
422,5900_to_5999,5949.5,10,10,1,1,0.04472040000000001,0.04472040000000001,0.032702,0.061969,0.0310596,0.0310596,0.04472040000000001,0.04472040000000001,0.032702,0.061969,0.0310596,0.0310596,1,0,0
487,5900_to_5999,5949.5,10,10,1,1,0.11842689999999997,0.11842689999999997,0.132394,0.24930500000000003,0.16206371111111112,0.16206371111111112,0.11842689999999997,0.11842689999999997,0.132394,0.24930500000000003,0.16206371111111112,0.16206371111111112,1,0,0
532,5900_to_5999,5949.5,10,10,2,6,3.4774209,3.4839363333333333,4.524106,10.020966,6.243727044444444,6.194014777777777,3.4774209,3.4839363333333333,4.524106,10.020966,6.243727044444444,6.194014777777777,0.9,0.1,0
578,5900_to_5999,5949.5,10,10,1,5,2.7364232,2.7364232,2.686422,5.9380749999999995,4.3554600444444445,4.3554600444444445,2.7364232,2.7364232,2.686422,5.9380749999999995,4.3554600444444445,4.3554600444444445,1,0,0
644,5900_to_5999,5949.5,10,10,1,1,2.168309,2.168309,2.143931,4.986129,3.813669422222222,3.813669422222222,2.168309,2.168309,2.143931,4.986129,3.813669422222222,3.813669422222222,1,0,0
655,5900_to_5999,5949.5,10,10,1,1,2.0311281,2.0311281,2.500397,4.973208,3.465847177777778,3.465847177777778,2.0311281,2.0311281,2.500397,4.973208,3.465847177777778,3.465847177777778,1,0,0
663,5900_to_5999,5949.5,10,10,1,6,1.5047223,1.5047223,0.758007,2.2074689999999997,1.208342911111111,1.208342911111111,1.5047223,1.5047223,0.758007,2.2074689999999997,1.208342911111111,1.208342911111111,1,0,0
795,5900_to_5999,5949.5,10,10,1,5,4.559150000000001,4.559150000000001,3.783469,10.402595000000002,7.8150816,7.8150816,4.559150000000001,4.559150000000001,3.783469,10.402595000000002,7.8150816,7.8150816,1,0,0
86,5900_to_5999,5949.5,10,10,1,7,0.8571708000000001,0.8571708000000001,0.6893199999999999,2.0000389999999997,1.3282906666666665,1.3282906666666665,0.8571708000000001,0.8571708000000001,0.6893199999999999,2.0000389999999997,1.3282906666666665,1.3282906666666665,1,0,0
882,5900_to_5999,5949.5,10,10,1,1,0.9542798000000001,0.9542798000000001,0.800547,2.1567570000000003,1.4082697333333334,1.4082697333333334,0.9542798000000001,0.9542798000000001,0.800547,2.1567570000000003,1.4082697333333334,1.4082697333333334,1,0,0
913,5900_to_5999,5949.5,10,10,1,5,0.83967290000000006,0.83967290000000006,0.526363,1.6937939999999998,1.0837304666666667,1.0837304666666667,0.83967290000000006,0.83967290000000006,0.526363,1.6937939999999998,1.0837304666666667,1.0837304666666667,1,0,0
971,5900_to_5999,5949.5,10,10,3,3,4.188684100000001,3.628383714285714,3.4926130000000004,9.748850000000001,6.181127311111111,4.352861619047619,4.188684100000001,3.628383714285714,3.4926130000000004,9.748850000000001,6.181127311111111,4.352861619047619,0.7,0.2,0.1
99,5900_to_5999,5949.5,10,10,1,3,2.1707900000000007,2.1707900000000007,2.015548,5.2704379999999995,3.490661511111111,3.490661511111111,2.1707900000000007,2.1707900000000007,2.015548,5.2704379999999995,3.490661511111111,3.490661511111111,1,0,0
990,5900_to_5999,5949.5,10,10,1,1,0.1832777,0.1832777,0.1891,0.43103100000000005,0.31267900000000004,0.31267900000000004,0.1832777,0.1832777,0.1891,0.43103100000000005,0.31267900000000004,0.31267900000000004,1,0,0
104,7000_to_7099,7049.5,10,10,2,2,3.0000807000000003,2.6204333333333336,4.011755,7.585805000000001,4.787937577777778,4.326874888888889,3.0000807000000003,2.6204333333333336,4.011755,7.585805000000001,4.787937577777778,4.326874888888889,0.9,0.1,0
115,7000_to_7099,7049.5,10,10,1,2,4.4933301,4.4933301,5.126056,8.575303,5.006495355555556,5.006495355555556,4.4933301,4.4933301,5.126056,8.575303,5.006495355555556,5.006495355555556,1,0,0
146,7000_to_7099,7049.5,10,10,1,1,0.39331910000000003,0.39331910000000003,0.420369,0.8069219999999999,0.4330500222222222,0.4330500222222222,0.39331910000000003,0.39331910000000003,0.420369,0.8069219999999999,0.4330500222222222,0.4330500222222222,1,0,0
166,7000_to_7099,7049.5,10,10,2,7,0.1745421,0.13495766666666664,0.099168,0.26226700000000003,0.14957344444444445,0.1322528888888889,0.1745421,0.13495766666666664,0.099168,0.26226700000000003,0.14957344444444445,0.1322528888888889,0.9,0.1,0
174,7000_to_7099,7049.5,10,10,1,5,3.5755044,3.5755044,3.734739,7.9103580000000004,5.287726,5.287726,3.5755044,3.5755044,3.734739,7.9103580000000004,5.287726,5.287726,1,0,0
195,7000_to_7099,7049.5,10,10,1,1,0.1591404,0.1591404,0.17877,0.408131,0.23939644444444444,0.23939644444444444,0.1591404,0.1591404,0.17877,0.408131,0.23939644444444444,0.23939644444444444,1,0,0
212,7000_to_7099,7049.5,10,10,1,2,0.8095891999999999,0.8095891999999999,1.286009,1.746815,0.7216330222222221,0.7216330222222221,0.8095891999999999,0.8095891999999999,1.286009,1.746815,0.7216330222222221,0.7216330222222221,1,0,0
247,7000_to_7099,7049.5,10,10,1,1,0.09236799999999998,0.09236799999999998,0.081465,0.227204,0.11398942222222222,0.11398942222222222,0.09236799999999998,0.09236799999999998,0.081465,0.227204,0.11398942222222222,0.11398942222222222,1,0,0
289,7000_to_7099,7049.5,10,10,1,4,0.6865385,0.6865385,0.48906000000000005,1.4799860000000002,1.0647298444444446,1.0647298444444446,0.6865385,0.6865385,0.48906000000000005,1.4799860000000002,1.0647298444444446,1.0647298444444446,1,0,0
298,7000_to_7099,7049.5,10,10,1,2,0.7318342999999999,0.7318342999999999,0.877167,1.61001,1.0835404222222222,1.0835404222222222,0.7318342999999999,0.7318342999999999,0.877167,1.61001,1.0835404222222222,1.0835404222222222,1,0,0
328,7000_to_7099,7049.5,10,10,2,2,0.6297062999999999,0.362344125,0.615476,1.618349,0.8489328222222222,0.5066978214285714,0.6297062999999999,0.362344125,0.615476,1.618349,0.8489328222222222,0.5066978214285714,0.8,0.2,0
337,7000_to_7099,7049.5,10,10,1,1,0.2504532,0.2504532,0.272266,0.53827,0.28868062222222224,0.28868062222222224,0.2504532,0.2504532,0.272266,0.53827,0.28868062222222224,0.28868062222222224,1,0,0
374,7000_to_7099,7049.5,10,10,1,1,1.5283981,1.5283981,1.889932,3.528632,2.4873575333333333,2.4873575333333333,1.5283981,1.5283981,1.889932,3.528632,2.4873575333333333,2.4873575333333333,1,0,0
422,7000_to_7099,7049.5,10,10,1,1,0.0266929,0.0266929,0.026944000000000003,0.059305000000000004,0.032936822222222224,0.032936822222222224,0.0266929,0.0266929,0.026944000000000003,0.059305000000000004,0.032936822222222224,0.032936822222222224,1,0,0
487,7000_to_7099,7049.5,10,10,1,1,0.1492735,0.1492735,0.117644,0.3239869999999999,0.20075646666666666,0.20075646666666666,0.1492735,0.1492735,0.117644,0.3239869999999999,0.20075646666666666,0.20075646666666666,1,0,0
532,7000_to_7099,7049.5,10,10,2,6,3.874335500000001,2.924325,4.152987,10.272384,6.280917177777778,4.935605928571428,3.874335500000001,2.924325,4.152987,10.272384,6.280917177777778,4.935605928571428,0.8,0.2,0
578,7000_to_7099,7049.5,10,10,1,1,2.3374292,2.3374292,2.054792,5.438749,3.8617480444444445,3.8617480444444445,2.3374292,2.3374292,2.054792,5.438749,3.8617480444444445,3.8617480444444445,1,0,0
644,7000_to_7099,7049.5,10,10,1,1,2.2838263999999997,2.2838263999999997,1.743523,5.1217250000000005,3.8602297777777776,3.8602297777777776,2.2838263999999997,2.2838263999999997,1.743523,5.1217250000000005,3.8602297777777776,3.8602297777777776,1,0,0
655,7000_to_7099,7049.5,10,10,1,1,1.5987726000000002,1.5987726000000002,1.862857,3.91917,2.9184160444444447,2.9184160444444447,1.5987726000000002,1.5987726000000002,1.862857,3.91917,2.9184160444444447,2.9184160444444447,1,0,0
663,7000_to_7099,7049.5,10,10,1,5,1.4049555,1.4049555,0.825342,1.8218099999999997,1.0410254444444444,1.0410254444444444,1.4049555,1.4049555,0.825342,1.8218099999999997,1.0410254444444444,1.0410254444444444,1,0,0
795,7000_to_7099,7049.5,10,10,1,5,4.3291271,4.3291271,4.559113,10.29996,7.48897908888889,7.48897908888889,4.3291271,4.3291271,4.559113,10.29996,7.48897908888889,7.48897908888889,1,0,0
86,7000_to_7099,7049.5,10,10,1,8,0.7928894,0.7928894,0.543648,1.767615,1.2338537333333333,1.2338537333333333,0.7928894,0.7928894,0.543648,1.767615,1.2338537333333333,1.2338537333333333,1,0,0
882,7000_to_7099,7049.5,10,10,1,1,0.8751469999999999,0.8751469999999999,0.874567,2.075103,1.3821693333333334,1.3821693333333334,0.8751469999999999,0.8751469999999999,0.874567,2.075103,1.3821693333333334,1.3821693333333334,1,0,0
913,7000_to_7099,7049.5,10,10,3,3,0.8150514000000001,0.4228224,0.763803,1.741798,1.1095556444444443,0.7291424000000001,0.8150514000000001,0.4228224,0.763803,1.741798,1.1095556444444443,0.7291424000000001,0.5,0.3,0.2
971,7000_to_7099,7049.5,10,10,1,1,2.994523,2.994523,2.453703,7.2505429999999995,4.871670844444444,4.871670844444444,2.994523,2.994523,2.453703,7.2505429999999995,4.871670844444444,4.871670844444444,1,0,0
99,7000_to_7099,7049.5,10,10,3,3,2.5730635000000004,1.6653627500000001,2.7430389999999996,5.395416,3.467052466666667,2.785132,2.5730635000000004,1.6653627500000001,2.7430389999999996,5.395416,3.467052466666667,2.785132,0.8,0.1,0.1
990,7000_to_7099,7049.5,10,10,1,1,0.21616020000000002,0.21616020000000002,0.217532,0.524489,0.3262486666666667,0.3262486666666667,0.21616020000000002,0.21616020000000002,0.217532,0.524489,0.3262486666666667,0.3262486666666667,1,0,0
104,7200_to_7299,7249.5,10,10,1,1,2.6340812999999996,2.6340812999999996,4.431311,7.48414,4.689839666666667,4.689839666666667,2.6340812999999996,2.6340812999999996,4.431311,7.48414,4.689839666666667,4.689839666666667,1,0,0
115,7200_to_7299,7249.5,10,10,1,1,4.3951658,4.3951658,4.612627,9.150616,5.265351911111111,5.265351911111111,4.3951658,4.3951658,4.612627,9.150616,5.265351911111111,5.265351911111111,1,0,0
146,7200_to_7299,7249.5,10,10,1,1,0.32877839999999997,0.32877839999999997,0.48589,0.817852,0.4611328,0.4611328,0.32877839999999997,0.32877839999999997,0.48589,0.817852,0.4611328,0.4611328,1,0,0
166,7200_to_7299,7249.5,10,10,3,8,0.17463299999999998,0.04312714285714286,0.122022,0.33528800000000003,0.16770102222222225,0.06718333333333333,0.17463299999999998,0.04312714285714286,0.122022,0.33528800000000003,0.16770102222222225,0.06718333333333333,0.7,0.2,0.1
174,7200_to_7299,7249.5,10,10,1,5,3.6444996000000005,3.6444996000000005,3.634274,7.978511,5.747880888888889,5.747880888888889,3.6444996000000005,3.6444996000000005,3.634274,7.978511,5.747880888888889,5.747880888888889,1,0,0
195,7200_to_7299,7249.5,10,10,1,1,0.1574712,0.1574712,0.188181,0.42495799999999995,0.23742875555555554,0.23742875555555554,0.1574712,0.1574712,0.188181,0.42495799999999995,0.23742875555555554,0.23742875555555554,1,0,0
212,7200_to_7299,7249.5,10,10,1,2,0.7808217,0.7808217,1.151187,1.6331649999999998,0.7424206444444444,0.7424206444444444,0.7808217,0.7808217,1.151187,1.6331649999999998,0.7424206444444444,0.7424206444444444,1,0,0
247,7200_to_7299,7249.5,10,10,1,1,0.09356260000000001,0.09356260000000001,0.088642,0.196708,0.10836035555555555,0.10836035555555555,0.09356260000000001,0.09356260000000001,0.088642,0.196708,0.10836035555555555,0.10836035555555555,1,0,0
289,7200_to_7299,7249.5,10,10,1,4,0.6502843,0.6502843,0.645428,1.461093,1.051950288888889,1.051950288888889,0.6502843,0.6502843,0.645428,1.461093,1.051950288888889,1.051950288888889,1,0,0
298,7200_to_7299,7249.5,10,10,1,1,0.7421072,0.7421072,0.746344,1.575662,1.0076938222222223,1.0076938222222223,0.7421072,0.7421072,0.746344,1.575662,1.0076938222222223,1.0076938222222223,1,0,0
328,7200_to_7299,7249.5,10,10,1,1,0.5391598,0.5391598,0.425757,1.252553,0.7437236,0.7437236,0.5391598,0.5391598,0.425757,1.252553,0.7437236,0.7437236,1,0,0
337,7200_to_7299,7249.5,10,10,1,1,0.2441488,0.2441488,0.281166,0.579084,0.28084684444444447,0.28084684444444447,0.2441488,0.2441488,0.281166,0.579084,0.28084684444444447,0.28084684444444447,1,0,0
374,7200_to_7299,7249.5,10,10,1,1,1.6463761,1.6463761,1.78781,3.7206740000000003,2.7037778444444442,2.7037778444444442,1.6463761,1.6463761,1.78781,3.7206740000000003,2.7037778444444442,2.7037778444444442,1,0,0
422,7200_to_7299,7249.5,10,10,1,1,0.038054199999999996,0.038054199999999996,0.039674,0.071926,0.03224995555555556,0.03224995555555556,0.038054199999999996,0.038054199999999996,0.039674,0.071926,0.03224995555555556,0.03224995555555556,1,0,0
487,7200_to_7299,7249.5,10,10,1,1,0.1401563,0.1401563,0.13586399999999998,0.34412100000000007,0.20840762222222223,0.20840762222222223,0.1401563,0.1401563,0.13586399999999998,0.34412100000000007,0.20840762222222223,0.20840762222222223,1,0,0
532,7200_to_7299,7249.5,10,10,1,5,3.7156453999999997,3.7156453999999997,3.853647,9.275230999999998,6.404797822222222,6.404797822222222,3.7156453999999997,3.7156453999999997,3.853647,9.275230999999998,6.404797822222222,6.404797822222222,1,0,0
578,7200_to_7299,7249.5,10,10,1,4,2.6795276999999995,2.6795276999999995,2.460517,5.607152,4.046405444444445,4.046405444444445,2.6795276999999995,2.6795276999999995,2.460517,5.607152,4.046405444444445,4.046405444444445,1,0,0
644,7200_to_7299,7249.5,10,10,1,1,2.4077891,2.4077891,2.235948,5.065681,4.036801622222223,4.036801622222223,2.4077891,2.4077891,2.235948,5.065681,4.036801622222223,4.036801622222223,1,0,0
655,7200_to_7299,7249.5,10,10,1,1,1.7740918,1.7740918,1.733475,3.816227,3.0370911555555558,3.0370911555555558,1.7740918,1.7740918,1.733475,3.816227,3.0370911555555558,3.0370911555555558,1,0,0
663,7200_to_7299,7249.5,10,10,1,5,0.8599323000000002,0.8599323000000002,0.699145,1.928439,1.0266945555555556,1.0266945555555556,0.8599323000000002,0.8599323000000002,0.699145,1.928439,1.0266945555555556,1.0266945555555556,1,0,0
795,7200_to_7299,7249.5,10,10,1,3,4.8108594,4.8108594,4.609982,10.717714999999998,8.271279244444445,8.271279244444445,4.8108594,4.8108594,4.609982,10.717714999999998,8.271279244444445,8.271279244444445,1,0,0
86,7200_to_7299,7249.5,10,10,1,8,0.7840790999999999,0.7840790999999999,0.56406,1.707894,1.2294494,1.2294494,0.7840790999999999,0.7840790999999999,0.56406,1.707894,1.2294494,1.2294494,1,0,0
882,7200_to_7299,7249.5,10,10,1,1,0.9563471,0.9563471,0.991028,2.339352,1.5507761555555557,1.5507761555555557,0.9563471,0.9563471,0.991028,2.339352,1.5507761555555557,1.5507761555555557,1,0,0
913,7200_to_7299,7249.5,10,10,2,3,0.7656536999999999,0.79402875,0.634688,1.7169310000000002,1.1446108666666668,1.1019077142857143,0.7656536999999999,0.79402875,0.634688,1.7169310000000002,1.1446108666666668,1.1019077142857143,0.8,0.2,0
971,7200_to_7299,7249.5,10,10,2,2,3.7109859999999997,3.100458555555556,3.694757,7.883211,5.161871688888889,4.753535722222222,3.7109859999999997,3.100458555555556,3.694757,7.883211,5.161871688888889,4.753535722222222,0.9,0.1,0
99,7200_to_7299,7249.5,10,10,3,3,2.7581697999999997,1.6443994999999998,2.8859019999999997,6.245411,3.767407822222222,2.7483593571428573,2.7581697999999997,1.6443994999999998,2.8859019999999997,6.245411,3.767407822222222,2.7483593571428573,0.8,0.1,0.1
990,7200_to_7299,7249.5,10,10,1,1,0.24404710000000002,0.24404710000000002,0.301311,0.555601,0.34835397777777777,0.34835397777777777,0.24404710000000002,0.24404710000000002,0.301311,0.555601,0.34835397777777777,0.34835397777777777,1,0,0
104,7600_to_7699,7649.5,10,10,1,1,2.8554493999999995,2.8554493999999995,3.465603,7.273414000000001,4.894621911111111,4.894621911111111,2.8554493999999995,2.8554493999999995,3.465603,7.273414000000001,4.894621911111111,4.894621911111111,1,0,0
115,7600_to_7699,7649.5,10,10,1,3,4.5633572000000004,4.5633572000000004,4.4854270000000005,9.303808,5.827098755555555,5.827098755555555,4.5633572000000004,4.5633572000000004,4.4854270000000005,9.303808,5.827098755555555,5.827098755555555,1,0,0
146,7600_to_7699,7649.5,10,10,1,1,0.3534769,0.3534769,0.35357099999999997,0.8211120000000001,0.43655926666666667,0.43655926666666667,0.3534769,0.3534769,0.35357099999999997,0.8211120000000001,0.43655926666666667,0.43655926666666667,1,0,0
166,7600_to_7699,7649.5,10,10,2,4,0.1404439,0.14796966666666667,0.102913,0.275514,0.16186024444444444,0.1471548888888889,0.1404439,0.14796966666666667,0.102913,0.275514,0.16186024444444444,0.1471548888888889,0.9,0.1,0
174,7600_to_7699,7649.5,10,10,1,5,3.5352833000000006,3.5352833000000006,3.84256,7.866820000000001,5.575817488888888,5.575817488888888,3.5352833000000006,3.5352833000000006,3.84256,7.866820000000001,5.575817488888888,5.575817488888888,1,0,0
195,7600_to_7699,7649.5,10,10,1,1,0.1732793,0.1732793,0.210548,0.45697299999999996,0.25721099999999997,0.25721099999999997,0.1732793,0.1732793,0.210548,0.45697299999999996,0.25721099999999997,0.25721099999999997,1,0,0
212,7600_to_7699,7649.5,10,10,1,2,0.5728218,0.5728218,0.8226760000000001,1.2426300000000001,0.5788608000000001,0.5788608000000001,0.5728218,0.5728218,0.8226760000000001,1.2426300000000001,0.5788608000000001,0.5788608000000001,1,0,0
247,7600_to_7699,7649.5,10,10,1,1,0.0827552,0.0827552,0.07082,0.17292300000000002,0.10376066666666667,0.10376066666666667,0.0827552,0.0827552,0.07082,0.17292300000000002,0.10376066666666667,0.10376066666666667,1,0,0
289,7600_to_7699,7649.5,10,10,1,4,0.5685488999999999,0.5685488999999999,0.541071,1.1190959999999999,0.9263223333333332,0.9263223333333332,0.5685488999999999,0.5685488999999999,0.541071,1.1190959999999999,0.9263223333333332,0.9263223333333332,1,0,0
298,7600_to_7699,7649.5,10,10,1,1,0.7678217,0.7678217,0.813539,1.726429,1.065818288888889,1.065818288888889,0.7678217,0.7678217,0.813539,1.726429,1.065818288888889,1.065818288888889,1,0,0
328,7600_to_7699,7649.5,10,10,1,1,0.5432877999999999,0.5432877999999999,0.46850100000000006,1.24717,0.7964523111111111,0.7964523111111111,0.5432877999999999,0.5432877999999999,0.46850100000000006,1.24717,0.7964523111111111,0.7964523111111111,1,0,0
337,7600_to_7699,7649.5,10,10,1,2,0.23166800000000004,0.23166800000000004,0.324559,0.608914,0.29435484444444443,0.29435484444444443,0.23166800000000004,0.23166800000000004,0.324559,0.608914,0.29435484444444443,0.29435484444444443,1,0,0
374,7600_to_7699,7649.5,10,10,1,1,1.4084915,1.4084915,1.387547,3.25306,2.4453501555555555,2.4453501555555555,1.4084915,1.4084915,1.387547,3.25306,2.4453501555555555,2.4453501555555555,1,0,0
422,7600_to_7699,7649.5,10,10,1,5,0.0317159,0.0317159,0.043148,0.08310999999999999,0.03818908888888889,0.03818908888888889,0.0317159,0.0317159,0.043148,0.08310999999999999,0.03818908888888889,0.03818908888888889,1,0,0
487,7600_to_7699,7649.5,10,10,1,1,0.14762389999999997,0.14762389999999997,0.134403,0.297234,0.1850693111111111,0.1850693111111111,0.14762389999999997,0.14762389999999997,0.134403,0.297234,0.1850693111111111,0.1850693111111111,1,0,0
532,7600_to_7699,7649.5,10,10,1,6,3.0886194000000002,3.0886194000000002,2.773557,6.856929999999999,5.3372410666666665,5.3372410666666665,3.0886194000000002,3.0886194000000002,2.773557,6.856929999999999,5.3372410666666665,5.3372410666666665,1,0,0
578,7600_to_7699,7649.5,10,10,1,1,1.9861284000000006,1.9861284000000006,1.965402,4.582451000000001,3.3882755555555555,3.3882755555555555,1.9861284000000006,1.9861284000000006,1.965402,4.582451000000001,3.3882755555555555,3.3882755555555555,1,0,0
644,7600_to_7699,7649.5,10,10,2,2,2.3415812000000003,2.0421652222222217,2.406341,4.8746529999999995,3.6192268444444444,3.411907,2.3415812000000003,2.0421652222222217,2.406341,4.8746529999999995,3.6192268444444444,3.411907,0.9,0.1,0
655,7600_to_7699,7649.5,10,10,1,1,1.8731183999999999,1.8731183999999999,2.037753,4.303059,3.0233427111111113,3.0233427111111113,1.8731183999999999,1.8731183999999999,2.037753,4.303059,3.0233427111111113,3.0233427111111113,1,0,0
663,7600_to_7699,7649.5,10,10,1,5,1.0867022,1.0867022,0.751528,1.789574,1.0182068888888889,1.0182068888888889,1.0867022,1.0867022,0.751528,1.789574,1.0182068888888889,1.0182068888888889,1,0,0
795,7600_to_7699,7649.5,10,10,1,4,4.4891727,4.4891727,4.143298,12.696785,7.8985565555555555,7.8985565555555555,4.4891727,4.4891727,4.143298,12.696785,7.8985565555555555,7.8985565555555555,1,0,0
86,7600_to_7699,7649.5,10,10,1,8,0.7305028,0.7305028,0.514823,1.598985,1.1239723555555556,1.1239723555555556,0.7305028,0.7305028,0.514823,1.598985,1.1239723555555556,1.1239723555555556,1,0,0
882,7600_to_7699,7649.5,10,10,1,1,0.8024239,0.8024239,0.846349,1.897797,1.2952473111111111,1.2952473111111111,0.8024239,0.8024239,0.846349,1.897797,1.2952473111111111,1.2952473111111111,1,0,0
913,7600_to_7699,7649.5,10,10,2,3,0.7108024,0.718687875,0.635178,1.607719,1.0584578666666666,1.0090986785714287,0.7108024,0.718687875,0.635178,1.607719,1.0584578666666666,1.0090986785714287,0.8,0.2,0
971,7600_to_7699,7649.5,10,10,1,1,3.1168147,3.1168147,2.537132,6.535367000000001,4.722448244444444,4.722448244444444,3.1168147,3.1168147,2.537132,6.535367000000001,4.722448244444444,4.722448244444444,1,0,0
99,7600_to_7699,7649.5,10,10,2,3,2.0520764,2.021278111111111,1.84026,4.686624999999999,3.1038231555555553,2.819310888888889,2.0520764,2.021278111111111,1.84026,4.686624999999999,3.1038231555555553,2.819310888888889,0.9,0.1,0
990,7600_to_7699,7649.5,10,10,1,1,0.1956271,0.1956271,0.181658,0.41684200000000005,0.2818516222222222,0.2818516222222222,0.1956271,0.1956271,0.181658,0.41684200000000005,0.2818516222222222,0.2818516222222222,1,0,0
