dataset,single,10,20,30,40,50,60,70,80,90,100
SEIR015_sl1000_mr0125_nv10_1,0.882,0.689,0.78,0.845,0.887,0.905,0.925,0.918,0.914,0.914,0.914
SEIR015_sl1000_mr0125_nv10_10,0.947,0.75,0.818,0.9,0.947,0.947,0.947,0.947,0.938,0.938,0.938
SEIR015_sl1000_mr0125_nv10_11,0.692,0.529,0.643,0.643,0.643,0.692,0.75,0.75,0.818,0.9,0.9
SEIR015_sl1000_mr0125_nv10_12,0.714,0.706,0.706,0.8,0.8,0.786,0.846,0.846,0.818,0.818,0.818
SEIR015_sl1000_mr0125_nv10_13,0.88,0.778,0.831,0.891,0.96,0.96,0.958,0.977,0.977,0.974,0.974
SEIR015_sl1000_mr0125_nv10_14,0.825,0.69,0.71,0.774,0.8,0.857,0.846,0.857,0.909,0.905,0.905
SEIR015_sl1000_mr0125_nv10_15,0.689,0.443,0.532,0.667,0.682,0.784,0.839,0.867,0.889,0.889,0.889
SEIR015_sl1000_mr0125_nv10_16,0.739,0.722,0.722,0.722,0.732,0.725,0.746,0.746,0.746,0.746,0.746
SEIR015_sl1000_mr0125_nv10_17,0.656,0.59,0.676,0.697,0.719,0.7,0.7,0.69,0.69,0.692,0.692
SEIR015_sl1000_mr0125_nv10_18,0.7,0.727,0.727,0.727,0.727,0.7,0.778,0.778,0.778,0.778,0.778
SEIR015_sl1000_mr0125_nv10_19,0.548,0.404,0.452,0.486,0.581,0.643,0.692,0.75,0.818,0.842,0.842
SEIR015_sl1000_mr0125_nv10_2,0.75,0.56,0.619,0.667,0.75,0.75,0.8,0.909,0.909,0.909,0.909
SEIR015_sl1000_mr0125_nv10_20,0.833,0.679,0.735,0.75,0.795,0.833,0.854,0.919,0.944,0.944,0.944
SEIR015_sl1000_mr0125_nv10_3,0.636,0.533,0.571,0.615,0.727,0.8,0.778,0.778,0.778,0.778,0.778
SEIR015_sl1000_mr0125_nv10_4,0.8,0.8,0.8,0.8,0.8,0.8,0.8,0.8,0.8,0.8,0.8
SEIR015_sl1000_mr0125_nv10_5,0.686,0.426,0.541,0.707,0.795,0.778,0.786,0.808,0.8,0.783,0.773
SEIR015_sl1000_mr0125_nv10_6,0.757,0.635,0.711,0.78,0.8,0.795,0.8,0.818,0.818,0.857,0.84
SEIR015_sl1000_mr0125_nv10_7,0.75,0.67,0.716,0.738,0.795,0.808,0.831,0.853,0.848,0.836,0.828
SEIR015_sl1000_mr0125_nv10_8,0.632,0.5,0.556,0.56,0.565,0.684,0.75,0.786,0.818,0.8,0.875
SEIR015_sl1000_mr0125_nv10_9,0.4,0.273,0.353,0.367,0.375,0.409,0.474,0.5,0.6,0.571,0.667
SEIR015_sl1000_mr025_nv10_1,0.9,0.818,0.818,0.9,0.9,0.9,0.9,0.9,0.889,0.889,0.889
SEIR015_sl1000_mr025_nv10_10,0.909,0.769,0.909,0.909,0.909,0.909,0.909,0.909,0.909,0.889,0.833
SEIR015_sl1000_mr025_nv10_11,0.833,0.621,0.692,0.818,0.857,0.909,0.898,0.891,0.907,0.902,0.9
SEIR015_sl1000_mr025_nv10_12,0.692,0.556,0.625,0.643,0.643,0.692,0.727,0.727,0.8,0.778,0.778
SEIR015_sl1000_mr025_nv10_13,0.308,0.267,0.267,0.267,0.286,0.286,0.308,0.333,0.333,0.333,0.333
SEIR015_sl1000_mr025_nv10_14,0.724,0.688,0.688,0.688,0.688,0.667,0.714,0.714,0.731,0.731,0.72
SEIR015_sl1000_mr025_nv10_15,0.493,0.393,0.461,0.526,0.565,0.6,0.617,0.596,0.569,0.532,0.543
SEIR015_sl1000_mr025_nv10_16,0.812,0.684,0.765,0.765,0.765,0.812,0.8,0.8,0.8,0.769,0.769
SEIR015_sl1000_mr025_nv10_17,0.846,0.688,0.75,0.767,0.825,0.811,0.833,0.833,0.824,0.824,0.812
SEIR015_sl1000_mr025_nv10_18,0.605,0.542,0.615,0.652,0.65,0.667,0.684,0.743,0.806,0.806,0.806
SEIR015_sl1000_mr025_nv10_19,0.85,0.773,0.773,0.85,0.85,0.85,0.85,0.85,0.882,0.882,0.882
SEIR015_sl1000_mr025_nv10_2,0.746,0.576,0.686,0.774,0.797,0.797,0.782,0.784,0.776,0.795,0.791
SEIR015_sl1000_mr025_nv10_20,0.6,0.571,0.667,0.6,0.6,0.6,0.6,0.6,0.75,0.714,0.714
SEIR015_sl1000_mr025_nv10_3,0.938,0.807,0.807,0.836,0.92,0.915,0.935,0.932,0.929,0.929,0.929
SEIR015_sl1000_mr025_nv10_4,0.787,0.645,0.672,0.709,0.771,0.8,0.833,0.872,0.872,0.865,0.865
SEIR015_sl1000_mr025_nv10_5,0.857,0.712,0.764,0.778,0.788,0.796,0.848,0.86,0.881,0.897,0.897
SEIR015_sl1000_mr025_nv10_6,0.783,0.714,0.765,0.83,0.83,0.848,0.844,0.844,0.854,0.889,0.889
SEIR015_sl1000_mr025_nv10_7,0.778,0.778,0.778,0.778,0.778,0.778,0.778,0.778,0.778,0.778,0.778
SEIR015_sl1000_mr025_nv10_8,0.95,0.833,0.833,0.909,1,1,1,1,1,1,1
SEIR015_sl1000_mr025_nv10_9,0.862,0.757,0.8,0.812,0.836,0.877,0.87,0.865,0.898,0.917,0.917
SEIR015_sl1000_mr025_nv20_1,0.647,0.444,0.55,0.588,0.625,0.625,0.6,0.643,0.643,0.818,0.818
SEIR015_sl1000_mr025_nv20_10,0.583,0.5,0.5,0.583,0.583,0.583,0.636,0.636,0.556,0.556,0.5
SEIR015_sl1000_mr025_nv20_11,0.857,0.857,0.857,0.857,0.857,0.857,0.857,0.857,0.857,0.857,0.833
SEIR015_sl1000_mr025_nv20_12,0.5,0.382,0.481,0.481,0.5,0.52,0.565,0.565,0.565,0.765,0.765
SEIR015_sl1000_mr025_nv20_13,0.583,0.643,0.643,0.692,0.692,0.692,0.692,0.667,0.636,0.636,0.636
SEIR015_sl1000_mr025_nv20_14,0.818,0.769,0.909,0.909,0.909,0.909,0.909,0.909,0.909,0.889,0.889
SEIR015_sl1000_mr025_nv20_15,0.588,0.458,0.5,0.629,0.618,0.606,0.6,0.6,0.72,0.72,0.72
SEIR015_sl1000_mr025_nv20_16,0.871,0.818,0.818,0.818,0.871,0.871,0.871,0.862,0.862,0.862,0.862
SEIR015_sl1000_mr025_nv20_17,0.831,0.754,0.788,0.81,0.82,0.842,0.855,0.855,0.87,0.863,0.863
SEIR015_sl1000_mr025_nv20_18,0.6,0.431,0.491,0.509,0.56,0.609,0.609,0.628,0.628,0.643,0.643
SEIR015_sl1000_mr025_nv20_19,0.429,0.4,0.4,0.4,0.4,0.429,0.462,0.462,0.462,0.462,0.462
SEIR015_sl1000_mr025_nv20_2,0.815,0.733,0.815,0.815,0.815,0.815,0.815,0.815,0.815,0.917,0.917
SEIR015_sl1000_mr025_nv20_20,0.632,0.56,0.56,0.591,0.684,0.667,0.706,0.667,0.667,0.667,0.667
SEIR015_sl1000_mr025_nv20_3,0.603,0.449,0.526,0.602,0.671,0.696,0.727,0.726,0.721,0.707,0.707
SEIR015_sl1000_mr025_nv20_4,0.882,0.698,0.698,0.769,0.833,0.879,0.875,0.862,0.833,0.826,0.818
SEIR015_sl1000_mr025_nv20_5,0.949,0.86,0.949,0.949,0.949,0.949,0.949,0.949,0.949,0.943,0.943
SEIR015_sl1000_mr025_nv20_6,0.773,0.685,0.706,0.778,0.791,0.791,0.791,0.81,0.821,0.811,0.8
SEIR015_sl1000_mr025_nv20_7,0.889,0.773,0.805,0.846,0.846,0.882,0.909,0.906,0.935,0.967,1
SEIR015_sl1000_mr025_nv20_8,0.613,0.481,0.505,0.548,0.593,0.646,0.69,0.706,0.73,0.754,0.75
SEIR015_sl1000_mr025_nv20_9,0.737,0.56,0.737,0.737,0.737,0.737,0.737,0.737,0.737,0.769,0.769
SEIR015_sl1000_mr025_nv5_1,0.571,0.414,0.417,0.625,0.75,0.818,0.8,0.8,0.778,0.778,0.875
SEIR015_sl1000_mr025_nv5_10,0.59,0.508,0.6,0.625,0.682,0.676,0.697,0.815,0.815,0.808,0.808
SEIR015_sl1000_mr025_nv5_11,0.615,0.547,0.621,0.695,0.717,0.729,0.75,0.738,0.711,0.722,0.722
SEIR015_sl1000_mr025_nv5_12,0.636,0.389,0.389,0.438,0.364,0.5,0.429,0.429,0.429,0.429,0.429
SEIR015_sl1000_mr025_nv5_13,0.903,0.566,0.725,0.824,0.848,0.926,1,1,1,1,1
SEIR015_sl1000_mr025_nv5_14,0.667,0.632,0.632,0.632,0.632,0.667,0.688,0.688,0.688,0.688,0.714
SEIR015_sl1000_mr025_nv5_15,0.623,0.495,0.571,0.605,0.608,0.652,0.667,0.667,0.769,0.755,0.755
SEIR015_sl1000_mr025_nv5_16,0.769,0.511,0.629,0.769,0.769,0.864,0.864,0.95,1,1,1
SEIR015_sl1000_mr025_nv5_17,0.857,0.712,0.712,0.74,0.8,0.857,0.85,0.912,0.906,0.906,0.906
SEIR015_sl1000_mr025_nv5_18,0.6,0.41,0.471,0.559,0.6,0.623,0.647,0.705,0.725,0.725,0.778
SEIR015_sl1000_mr025_nv5_19,0.312,0.227,0.227,0.312,0.312,0.312,0.333,0.333,0.357,0.5,0.5
SEIR015_sl1000_mr025_nv5_2,0.6,0.429,0.529,0.8,1,1,1,1,1,1,1
SEIR015_sl1000_mr025_nv5_20,0.628,0.463,0.517,0.58,0.604,0.692,0.694,0.714,0.7,0.75,0.731
SEIR015_sl1000_mr025_nv5_3,0.536,0.362,0.472,0.516,0.519,0.56,0.583,0.667,0.65,0.722,0.722
SEIR015_sl1000_mr025_nv5_4,0.66,0.541,0.635,0.667,0.704,0.723,0.723,0.762,0.762,0.775,0.795
SEIR015_sl1000_mr025_nv5_5,0.522,0.415,0.441,0.542,0.632,0.706,0.706,0.706,0.688,0.733,0.733
SEIR015_sl1000_mr025_nv5_6,0.377,0.286,0.321,0.329,0.351,0.373,0.439,0.521,0.535,0.559,0.613
SEIR015_sl1000_mr025_nv5_7,0.769,0.647,0.786,0.786,0.846,0.846,0.833,0.833,0.833,0.8,0.8
SEIR015_sl1000_mr025_nv5_8,0.652,0.613,0.633,0.679,0.76,0.818,0.85,0.833,0.882,0.938,0.938
SEIR015_sl1000_mr025_nv5_9,0.477,0.439,0.463,0.5,0.521,0.558,0.553,0.568,0.583,0.636,0.636
SEIR015_sl1000_mr05_nv10_1,0.647,0.545,0.667,0.706,0.706,0.706,0.706,0.688,0.688,0.75,0.8
SEIR015_sl1000_mr05_nv10_10,0.8,0.8,0.8,0.8,0.8,0.8,0.8,0.8,0.8,0.8,0.8
SEIR015_sl1000_mr05_nv10_11,0.3,0.3,0.3,0.333,0.333,0.333,0.333,0.333,0.375,0.375,0.429
SEIR015_sl1000_mr05_nv10_12,0.727,0.727,0.727,0.727,0.727,0.727,0.727,0.727,0.727,0.727,0.727
SEIR015_sl1000_mr05_nv10_13,0.918,0.795,0.841,0.906,0.919,0.934,0.931,0.945,0.945,0.942,0.942
SEIR015_sl1000_mr05_nv10_14,0.549,0.487,0.582,0.65,0.714,0.773,0.762,0.789,0.789,0.788,0.788
SEIR015_sl1000_mr05_nv10_15,0.75,0.643,0.643,0.75,0.75,0.75,0.75,0.75,0.727,0.7,0.714
SEIR015_sl1000_mr05_nv10_16,0.787,0.702,0.78,0.78,0.792,0.826,0.837,0.837,0.837,0.842,0.842
SEIR015_sl1000_mr05_nv10_17,0.766,0.626,0.674,0.735,0.769,0.769,0.784,0.768,0.776,0.762,0.758
SEIR015_sl1000_mr05_nv10_18,0.711,0.681,0.681,0.681,0.696,0.711,0.705,0.698,0.698,0.698,0.698
SEIR015_sl1000_mr05_nv10_19,0.667,0.58,0.617,0.707,0.784,0.784,0.765,0.767,0.84,0.833,0.85
SEIR015_sl1000_mr05_nv10_2,0.762,0.629,0.667,0.783,0.857,0.857,0.914,0.914,0.909,0.897,0.897
SEIR015_sl1000_mr05_nv10_20,0.345,0.26,0.306,0.357,0.382,0.419,0.395,0.375,0.375,0.409,0.529
SEIR015_sl1000_mr05_nv10_3,0.833,0.718,0.725,0.778,0.814,0.828,0.857,0.885,0.902,0.902,0.902
SEIR015_sl1000_mr05_nv10_4,0.486,0.463,0.463,0.487,0.487,0.486,0.514,0.514,0.485,0.485,0.485
SEIR015_sl1000_mr05_nv10_5,0.636,0.692,0.818,0.818,0.818,0.818,0.818,0.818,0.818,0.818,0.778
SEIR015_sl1000_mr05_nv10_6,0.688,0.69,0.69,0.763,0.853,0.926,0.923,0.917,0.917,0.917,0.913
SEIR015_sl1000_mr05_nv10_7,0.421,0.417,0.435,0.409,0.45,0.474,0.474,0.471,0.471,0.5,0.5
SEIR015_sl1000_mr05_nv10_8,0.725,0.646,0.674,0.674,0.705,0.775,0.861,0.861,0.853,0.848,0.839
SEIR015_sl1000_mr05_nv10_9,0.562,0.556,0.556,0.556,0.588,0.562,0.6,0.643,0.643,0.643,0.643
SEIR015_sl250_mr025_nv10_1,0.538,0.483,0.538,0.538,0.538,0.538,0.538,0.538,0.538,0.538,0.542
SEIR015_sl250_mr025_nv10_10,0.402,0.358,0.369,0.412,0.459,0.474,0.472,0.486,0.478,0.476,0.476
SEIR015_sl250_mr025_nv10_11,0.5,0.436,0.453,0.479,0.477,0.477,0.488,0.538,0.556,0.576,0.576
SEIR015_sl250_mr025_nv10_12,0.54,0.472,0.493,0.507,0.515,0.516,0.532,0.541,0.552,0.561,0.564
SEIR015_sl250_mr025_nv10_13,0.647,0.571,0.571,0.647,0.647,0.647,0.647,0.647,0.769,0.769,0.769
SEIR015_sl250_mr025_nv10_14,0.364,0.333,0.353,0.367,0.391,0.381,0.432,0.432,0.4,0.438,0.438
SEIR015_sl250_mr025_nv10_15,0.552,0.4,0.453,0.54,0.554,0.585,0.596,0.633,0.614,0.595,0.658
SEIR015_sl250_mr025_nv10_16,0.103,0.161,0.184,0.167,0.186,0.208,0.17,0.156,0.163,0.158,0.118
SEIR015_sl250_mr025_nv10_17,0.571,0.364,0.421,0.444,0.467,0.429,0.6,0.667,0.625,0.625,0.625
SEIR015_sl250_mr025_nv10_18,0.333,0.25,0.3,0.333,0.333,0.294,0.294,0.294,0.294,0.294,0.294
SEIR015_sl250_mr025_nv10_19,0.581,0.462,0.458,0.551,0.595,0.61,0.625,0.676,0.667,0.75,0.75
SEIR015_sl250_mr025_nv10_2,0.273,0.185,0.205,0.209,0.211,0.296,0.296,0.364,0.381,0.353,0.353
SEIR015_sl250_mr025_nv10_20,0.533,0.533,0.533,0.533,0.533,0.533,0.533,0.533,0.533,0.533,0.533
SEIR015_sl250_mr025_nv10_3,0.545,0.545,0.545,0.545,0.545,0.545,0.571,0.571,0.571,0.571,0.571
SEIR015_sl250_mr025_nv10_4,0.643,0.643,0.643,0.643,0.643,0.643,0.643,0.643,0.643,0.643,0.643
SEIR015_sl250_mr025_nv10_5,0.75,0.75,0.75,0.75,0.75,0.75,0.75,0.75,0.75,0.75,0.75
SEIR015_sl250_mr025_nv10_6,0.525,0.512,0.512,0.525,0.525,0.525,0.525,0.525,0.513,0.513,0.513
SEIR015_sl250_mr025_nv10_7,0.333,0.333,0.333,0.333,0.333,0.333,0.333,0.333,0.333,0.333,0.333
SEIR015_sl250_mr025_nv10_8,0.71,0.556,0.6,0.727,0.793,0.778,0.808,0.833,0.818,0.818,0.818
SEIR015_sl250_mr025_nv10_9,0.579,0.424,0.636,0.667,0.667,0.737,0.722,0.722,0.722,0.722,0.667
SEIR015_sl500_mr025_nv10_1,0.727,0.615,0.727,0.727,0.727,0.727,0.727,0.727,0.727,0.667,0.667
SEIR015_sl500_mr025_nv10_10,0.889,0.804,0.804,0.837,0.891,0.911,0.909,0.902,0.902,0.897,0.897
SEIR015_sl500_mr025_nv10_11,0.5,0.444,0.375,0.375,0.375,0.182,0.2,0.2,0.2,0.333,0.333
SEIR015_sl500_mr025_nv10_12,0.619,0.473,0.537,0.566,0.661,0.672,0.709,0.72,0.708,0.714,0.811
SEIR015_sl500_mr025_nv10_13,0.459,0.469,0.442,0.429,0.474,0.472,0.5,0.567,0.63,0.63,0.64
SEIR015_sl500_mr025_nv10_14,0.8,0.667,0.667,0.8,0.8,0.8,0.8,0.8,1,1,1
SEIR015_sl500_mr025_nv10_15,0.77,0.602,0.667,0.718,0.774,0.81,0.827,0.837,0.837,0.86,0.86
SEIR015_sl500_mr025_nv10_16,0.714,0.647,0.688,0.733,0.714,0.714,0.714,0.75,0.75,0.75,0.75
SEIR015_sl500_mr025_nv10_17,0.632,0.571,0.571,0.571,0.632,0.632,0.632,0.706,0.706,0.706,0.706
SEIR015_sl500_mr025_nv10_18,0.741,0.568,0.6,0.625,0.625,0.704,0.682,0.682,0.684,0.647,0.667
SEIR015_sl500_mr025_nv10_19,1,0.714,0.833,0.833,0.909,0.9,1,1,1,1,1
SEIR015_sl500_mr025_nv10_2,0.625,0.625,0.625,0.625,0.625,0.625,0.625,0.625,0.625,0.625,0.625
SEIR015_sl500_mr025_nv10_20,0.735,0.621,0.667,0.707,0.703,0.714,0.762,0.762,0.759,0.796,0.796
SEIR015_sl500_mr025_nv10_3,0.674,0.561,0.627,0.627,0.682,0.683,0.722,0.722,0.735,0.724,0.724
SEIR015_sl500_mr025_nv10_4,0.577,0.516,0.527,0.547,0.592,0.583,0.583,0.6,0.619,0.634,0.634
SEIR015_sl500_mr025_nv10_5,0.933,0.933,0.933,0.933,0.933,0.933,0.933,0.933,0.933,0.933,0.933
SEIR015_sl500_mr025_nv10_6,0.75,0.75,0.75,0.75,0.75,0.75,0.75,0.75,0.75,0.75,0.75
SEIR015_sl500_mr025_nv10_7,0.479,0.389,0.396,0.458,0.466,0.508,0.533,0.652,0.698,0.725,0.763
SEIR015_sl500_mr025_nv10_8,0.605,0.437,0.509,0.582,0.612,0.653,0.676,0.686,0.719,0.705,0.741
SEIR015_sl500_mr025_nv10_9,0.615,0.615,0.615,0.615,0.615,0.615,0.615,0.615,0.615,0.615,0.615
SEIR01_sl1000_mr0125_nv10_1,0.684,0.682,0.682,0.75,0.75,0.789,0.765,0.765,0.765,0.765,0.765
SEIR01_sl1000_mr0125_nv10_10,0.833,0.77,0.78,0.836,0.836,0.833,0.849,0.882,0.894,0.894,0.894
SEIR01_sl1000_mr0125_nv10_11,0.923,0.923,0.923,0.923,0.923,0.923,0.923,0.923,0.923,0.923,0.923
SEIR01_sl1000_mr0125_nv10_12,0.2,0.125,0.125,0.167,0.167,0.2,0.25,0.25,0.5,0.5,0.5
SEIR01_sl1000_mr0125_nv10_13,0.818,0.818,0.818,0.818,0.818,0.818,0.818,0.818,0.818,0.818,0.818
SEIR01_sl1000_mr0125_nv10_14,0.903,0.903,0.903,0.903,0.903,0.903,0.903,0.903,0.903,0.903,0.903
SEIR01_sl1000_mr0125_nv10_15,0.833,0.808,0.84,0.833,0.833,0.833,0.833,0.833,0.864,0.864,0.857
SEIR01_sl1000_mr0125_nv10_16,0.714,0.714,0.714,0.714,0.714,0.714,0.714,0.714,0.714,0.714,0.714
SEIR01_sl1000_mr0125_nv10_17,0.833,0.833,0.833,0.833,0.833,0.833,0.833,0.833,0.833,0.833,0.833
SEIR01_sl1000_mr0125_nv10_18,0.851,0.75,0.82,0.82,0.837,0.872,0.909,0.93,0.93,0.927,0.949
SEIR01_sl1000_mr0125_nv10_19,0.871,0.778,0.794,0.818,0.839,0.867,0.897,0.897,0.897,0.926,0.926
SEIR01_sl1000_mr0125_nv10_2,0.923,0.923,0.923,0.923,0.923,0.923,0.923,0.923,0.923,0.923,0.923
SEIR01_sl1000_mr0125_nv10_20,0.96,0.923,0.923,0.923,0.96,0.96,0.96,0.96,0.958,0.958,0.958
SEIR01_sl1000_mr0125_nv10_3,0.895,0.85,0.85,0.85,0.895,0.895,0.895,0.889,0.889,0.889,0.889
SEIR01_sl1000_mr0125_nv10_4,0.833,0.69,0.69,0.741,0.833,0.833,0.833,0.833,0.895,0.895,0.895
SEIR01_sl1000_mr0125_nv10_5,0.875,0.857,0.857,0.875,0.875,0.875,0.875,0.875,0.894,0.894,0.894
SEIR01_sl1000_mr0125_nv10_6,0.854,0.694,0.741,0.792,0.851,0.87,0.889,0.925,0.923,0.923,0.923
SEIR01_sl1000_mr0125_nv10_7,0.897,0.81,0.81,0.85,0.895,0.895,0.895,0.919,0.919,0.919,0.919
SEIR01_sl1000_mr0125_nv10_8,0.667,0.667,0.667,0.667,0.667,0.667,0.667,0.667,0.667,0.667,0.667
SEIR01_sl1000_mr0125_nv10_9,0.896,0.885,0.92,0.92,0.958,0.958,0.958,0.957,0.978,0.977,0.977
SEIR01_sl1000_mr025_nv10_1,0.893,0.833,0.833,0.833,0.833,0.893,0.885,0.885,0.885,0.885,0.885
SEIR01_sl1000_mr025_nv10_10,0.778,0.778,0.778,0.778,0.778,0.778,0.778,0.778,0.778,0.778,0.778
SEIR01_sl1000_mr025_nv10_11,0.919,0.81,0.8,0.842,0.842,0.889,0.889,0.889,0.909,0.909,0.909
SEIR01_sl1000_mr025_nv10_12,0.625,0.667,0.667,0.667,0.667,0.75,0.714,0.714,0.714,0.714,0.714
SEIR01_sl1000_mr025_nv10_13,0.714,0.621,0.692,0.692,0.783,0.773,0.842,0.812,0.812,0.812,0.8
SEIR01_sl1000_mr025_nv10_14,0.829,0.838,0.838,0.861,0.857,0.857,0.857,0.882,0.879,0.879,0.879
SEIR01_sl1000_mr025_nv10_15,0.8,0.8,0.8,0.8,0.8,0.8,0.8,0.8,0.8,0.8,0.8
SEIR01_sl1000_mr025_nv10_16,0.881,0.695,0.774,0.867,0.905,0.925,0.947,0.944,0.971,0.971,0.971
SEIR01_sl1000_mr025_nv10_17,0.689,0.54,0.627,0.667,0.667,0.698,0.714,0.75,0.763,0.824,0.824
SEIR01_sl1000_mr025_nv10_18,0.778,0.8,0.8,0.778,0.778,0.778,0.778,0.778,0.875,0.875,0.875
SEIR01_sl1000_mr025_nv10_19,0.705,0.646,0.689,0.727,0.762,0.77,0.789,0.8,0.808,0.796,0.796
SEIR01_sl1000_mr025_nv10_2,0.913,0.875,0.875,0.875,0.913,0.913,0.913,0.909,0.909,0.909,0.909
SEIR01_sl1000_mr025_nv10_20,0.765,0.778,0.778,0.824,0.824,0.824,0.824,0.824,0.812,0.812,0.812
SEIR01_sl1000_mr025_nv10_3,0.84,0.789,0.8,0.811,0.808,0.82,0.833,0.83,0.867,0.886,0.886
SEIR01_sl1000_mr025_nv10_4,0.83,0.814,0.814,0.857,0.873,0.887,0.902,0.92,0.915,0.915,0.93
SEIR01_sl1000_mr025_nv10_5,0.886,0.84,0.84,0.837,0.889,0.907,0.929,0.949,0.949,0.949,0.949
SEIR01_sl1000_mr025_nv10_6,0.714,0.75,0.75,0.75,0.75,0.714,0.833,0.833,0.833,0.833,0.833
SEIR01_sl1000_mr025_nv10_7,0.7,0.608,0.66,0.705,0.744,0.757,0.778,0.778,0.8,0.8,0.8
SEIR01_sl1000_mr025_nv10_8,0.815,0.815,0.815,0.815,0.815,0.815,0.815,0.815,0.815,0.815,0.88
SEIR01_sl1000_mr025_nv10_9,0.83,0.745,0.774,0.837,0.872,0.872,0.87,0.87,0.875,0.875,0.897
SEIR01_sl1000_mr025_nv20_1,0.912,0.886,0.886,0.886,0.886,0.882,0.909,0.909,0.909,0.909,0.909
SEIR01_sl1000_mr025_nv20_10,0.667,0.615,0.545,0.545,0.545,0.857,0.857,0.857,0.857,0.857,0.857
SEIR01_sl1000_mr025_nv20_11,0.8,0.8,0.8,0.8,0.8,0.8,0.8,0.8,0.8,0.8,0.8
SEIR01_sl1000_mr025_nv20_12,0.889,0.842,0.842,0.842,0.842,0.889,0.941,0.941,0.941,0.941,0.941
SEIR01_sl1000_mr025_nv20_13,0.862,0.857,0.885,0.883,0.883,0.911,0.927,0.927,0.927,0.962,0.962
SEIR01_sl1000_mr025_nv20_14,0.846,0.688,0.733,0.846,0.846,0.846,0.846,0.846,0.917,0.917,0.917
SEIR01_sl1000_mr025_nv20_15,0.957,0.917,0.917,0.957,0.957,0.957,0.957,0.957,0.955,0.955,0.955
SEIR01_sl1000_mr025_nv20_16,0.556,0.556,0.556,0.556,0.556,0.556,0.556,0.556,0.556,0.556,0.556
SEIR01_sl1000_mr025_nv20_17,0.88,0.846,0.846,0.846,0.88,0.88,0.88,0.875,0.875,0.875,0.875
SEIR01_sl1000_mr025_nv20_18,0.885,0.885,0.885,0.885,0.885,0.885,0.885,0.885,0.885,0.885,0.885
SEIR01_sl1000_mr025_nv20_19,0.943,0.943,0.943,0.943,0.943,0.943,0.943,0.943,0.943,0.943,0.943
SEIR01_sl1000_mr025_nv20_2,0.907,0.886,0.886,0.886,0.907,0.907,0.907,0.905,0.905,0.905,0.905
SEIR01_sl1000_mr025_nv20_20,0.812,0.707,0.8,0.844,0.844,0.839,0.897,0.897,0.897,0.889,0.889
SEIR01_sl1000_mr025_nv20_3,0.864,0.864,0.864,0.864,0.864,0.864,0.864,0.864,0.864,0.864,0.864
SEIR01_sl1000_mr025_nv20_4,0.75,0.75,0.75,0.75,0.75,0.75,0.75,0.75,0.75,0.75,0.75
SEIR01_sl1000_mr025_nv20_5,0.824,0.833,0.824,0.824,0.824,0.824,0.824,0.824,0.824,0.848,0.848
SEIR01_sl1000_mr025_nv20_6,0.917,0.917,0.917,0.917,0.917,0.917,0.917,0.917,0.917,0.917,0.917
SEIR01_sl1000_mr025_nv20_7,0.882,0.882,0.882,0.882,0.882,0.882,0.882,0.882,0.882,0.882,0.882
SEIR01_sl1000_mr025_nv20_8,0.6,0.6,0.6,0.6,0.6,0.6,0.6,0.6,0.6,0.6,0.6
SEIR01_sl1000_mr025_nv20_9,0.917,0.923,0.923,1,1,1,1,1,1,1,1
SEIR01_sl1000_mr025_nv5_1,0.805,0.554,0.654,0.767,0.775,0.838,0.838,0.848,0.848,0.839,0.839
SEIR01_sl1000_mr025_nv5_10,0.824,0.583,0.636,0.667,0.73,0.867,0.862,0.885,0.875,0.875,0.875
SEIR01_sl1000_mr025_nv5_11,0.619,0.452,0.538,0.591,0.684,0.667,0.667,0.688,0.688,0.688,0.786
SEIR01_sl1000_mr025_nv5_12,0.842,0.727,0.8,0.842,0.842,0.842,0.842,0.842,0.889,0.875,0.875
SEIR01_sl1000_mr025_nv5_13,0.833,0.833,0.833,0.833,0.833,0.833,0.833,0.833,0.833,0.833,0.833
SEIR01_sl1000_mr025_nv5_14,0.818,0.783,0.783,0.818,0.818,0.818,0.818,0.818,0.857,0.857,0.857
SEIR01_sl1000_mr025_nv5_15,0.75,0.688,0.688,0.733,0.75,0.75,0.741,0.76,0.739,0.739,0.739
SEIR01_sl1000_mr025_nv5_16,0.944,0.944,0.944,0.944,0.944,0.944,0.944,0.944,0.944,0.944,0.944
SEIR01_sl1000_mr025_nv5_17,0.909,0.909,0.909,0.909,0.909,0.909,0.909,0.909,0.909,0.909,0.909
SEIR01_sl1000_mr025_nv5_18,0.745,0.644,0.667,0.698,0.766,0.766,0.778,0.778,0.8,0.816,0.838
SEIR01_sl1000_mr025_nv5_19,0.914,0.902,0.902,0.9,0.898,0.914,0.912,0.929,0.945,0.945,0.945
SEIR01_sl1000_mr025_nv5_2,0.625,0.355,0.435,0.625,0.769,0.769,0.769,0.75,0.75,0.75,0.75
SEIR01_sl1000_mr025_nv5_20,0.625,0.6,0.6,0.6,0.6,0.625,0.625,0.625,0.625,0.625,0.625
SEIR01_sl1000_mr025_nv5_3,0.818,0.75,0.75,0.75,0.75,0.818,0.8,0.8,0.8,0.8,0.8
SEIR01_sl1000_mr025_nv5_4,0.74,0.667,0.683,0.704,0.755,0.8,0.837,0.857,0.875,0.897,0.897
SEIR01_sl1000_mr025_nv5_5,0.63,0.5,0.629,0.696,0.691,0.717,0.75,0.756,0.756,0.75,0.765
SEIR01_sl1000_mr025_nv5_6,0.75,0.75,0.75,0.75,0.75,0.75,0.75,0.75,0.75,0.75,0.75
SEIR01_sl1000_mr025_nv5_7,0.9,0.9,0.9,0.9,0.9,0.9,0.9,0.9,0.9,0.9,0.9
SEIR01_sl1000_mr025_nv5_8,0.87,0.875,0.875,0.913,0.913,0.913,0.913,0.913,0.909,0.909,0.909
SEIR01_sl1000_mr025_nv5_9,0.778,0.7,0.778,0.778,0.778,0.778,0.778,0.778,0.778,0.75,0.75
SEIR01_sl1000_mr05_nv10_1,0.846,0.75,0.8,0.846,0.846,0.846,0.846,0.833,0.909,0.909,0.909
SEIR01_sl1000_mr05_nv10_10,0.857,0.857,0.857,0.857,0.857,0.857,0.857,0.857,0.857,0.857,0.857
SEIR01_sl1000_mr05_nv10_11,0.743,0.659,0.667,0.684,0.714,0.706,0.727,0.774,0.774,0.828,0.828
SEIR01_sl1000_mr05_nv10_12,0.915,0.833,0.833,0.859,0.855,0.847,0.893,0.926,0.923,0.923,0.923
SEIR01_sl1000_mr05_nv10_13,0.875,0.875,0.875,0.875,0.875,0.875,0.875,0.875,0.875,0.875,0.875
SEIR01_sl1000_mr05_nv10_14,0.718,0.643,0.72,0.791,0.829,0.865,0.912,0.909,0.9,0.893,0.893
SEIR01_sl1000_mr05_nv10_15,0.812,0.824,0.824,0.824,0.812,0.812,0.812,0.867,0.867,0.867,0.867
SEIR01_sl1000_mr05_nv10_16,0.955,0.955,0.955,0.955,0.955,0.955,0.955,0.955,0.955,0.955,0.955
SEIR01_sl1000_mr05_nv10_17,0.913,0.846,0.84,0.875,0.913,0.913,0.955,0.952,0.952,0.952,0.952
SEIR01_sl1000_mr05_nv10_18,0.793,0.697,0.708,0.78,0.793,0.821,0.821,0.868,0.868,0.885,0.885
SEIR01_sl1000_mr05_nv10_19,0.286,0.444,0.444,0.444,0.444,0.571,0.4,0.4,0.4,0.4,0.4
SEIR01_sl1000_mr05_nv10_2,0.889,0.889,0.889,0.889,0.889,0.889,0.889,0.889,0.889,0.889,0.889
SEIR01_sl1000_mr05_nv10_20,0.887,0.762,0.762,0.783,0.855,0.865,0.898,0.894,0.913,0.913,0.913
SEIR01_sl1000_mr05_nv10_3,0.84,0.767,0.815,0.84,0.84,0.84,0.87,0.87,0.87,0.909,0.909
SEIR01_sl1000_mr05_nv10_4,0.667,0.667,0.667,0.667,0.667,0.667,0.667,0.667,0.667,0.667,0.667
SEIR01_sl1000_mr05_nv10_5,0.889,0.889,0.889,0.889,0.889,0.889,0.889,0.889,0.889,0.889,0.889
SEIR01_sl1000_mr05_nv10_6,0.85,0.818,0.818,0.857,0.857,0.85,0.895,0.895,0.895,0.889,0.889
SEIR01_sl1000_mr05_nv10_7,0.826,0.691,0.717,0.745,0.792,0.809,0.844,0.864,0.925,0.925,0.925
SEIR01_sl1000_mr05_nv10_8,0.875,0.875,0.875,0.875,0.875,0.875,0.875,0.875,0.875,0.875,0.875
SEIR01_sl1000_mr05_nv10_9,0.926,0.806,0.806,0.806,0.923,0.923,0.923,0.92,0.917,0.917,0.917
SEIR01_sl250_mr025_nv10_1,0.537,0.471,0.544,0.554,0.558,0.569,0.592,0.604,0.617,0.617,0.617
SEIR01_sl250_mr025_nv10_10,0.667,0.7,0.778,0.778,0.778,0.778,0.778,0.778,0.778,0.778,0.75
SEIR01_sl250_mr025_nv10_11,0.7,0.667,0.65,0.65,0.65,0.65,0.65,0.65,0.65,0.684,0.684
SEIR01_sl250_mr025_nv10_12,0.771,0.712,0.755,0.755,0.771,0.771,0.771,0.766,0.766,0.795,0.795
SEIR01_sl250_mr025_nv10_13,0.429,0.5,0.5,0.5,0.5,0.429,0.5,0.5,0.5,0.5,0.5
SEIR01_sl250_mr025_nv10_14,0.481,0.38,0.443,0.472,0.49,0.5,0.521,0.543,0.568,0.61,0.61
SEIR01_sl250_mr025_nv10_15,0.6,0.636,0.636,0.636,0.636,0.7,0.667,0.667,0.667,0.667,0.667
SEIR01_sl250_mr025_nv10_16,0.46,0.44,0.478,0.47,0.492,0.475,0.483,0.492,0.491,0.481,0.481
SEIR01_sl250_mr025_nv10_17,0.143,0.235,0.25,0.2,0.2,0.154,0.167,0.167,0.167,0.2,0.111
SEIR01_sl250_mr025_nv10_18,0.684,0.542,0.591,0.625,0.632,0.667,0.686,0.706,0.706,0.706,0.706
SEIR01_sl250_mr025_nv10_19,0.714,0.714,0.714,0.714,0.714,0.714,0.714,0.714,0.714,0.714,0.714
SEIR01_sl250_mr025_nv10_2,0.647,0.5,0.5,0.526,0.625,0.625,0.625,0.714,0.714,0.714,0.714
SEIR01_sl250_mr025_nv10_20,0.6,0.619,0.619,0.6,0.6,0.6,0.6,0.6,0.632,0.632,0.632
SEIR01_sl250_mr025_nv10_3,0.71,0.647,0.647,0.688,0.688,0.71,0.71,0.71,0.69,0.69,0.69
SEIR01_sl250_mr025_nv10_4,0.812,0.812,0.812,0.812,0.812,0.812,0.812,0.812,0.812,0.812,0.812
SEIR01_sl250_mr025_nv10_5,0.653,0.611,0.635,0.647,0.66,0.653,0.66,0.674,0.674,0.667,0.651
SEIR01_sl250_mr025_nv10_6,0.533,0.5,0.531,0.548,0.567,0.586,0.586,0.586,0.593,0.615,0.615
SEIR01_sl250_mr025_nv10_7,0.706,0.706,0.706,0.706,0.706,0.706,0.706,0.706,0.706,0.706,0.706
SEIR01_sl250_mr025_nv10_8,0.634,0.634,0.634,0.634,0.634,0.634,0.634,0.634,0.634,0.634,0.634
SEIR01_sl250_mr025_nv10_9,0.694,0.667,0.675,0.693,0.693,0.694,0.714,0.725,0.731,0.731,0.742
SEIR01_sl500_mr025_nv10_1,0.455,0.467,0.467,0.385,0.455,0.556,0.625,0.625,0.625,0.625,0.625
SEIR01_sl500_mr025_nv10_10,0.688,0.667,0.667,0.667,0.688,0.688,0.688,0.786,0.786,0.786,0.786
SEIR01_sl500_mr025_nv10_11,0.824,0.824,0.824,0.824,0.824,0.824,0.824,0.824,0.824,0.824,0.824
SEIR01_sl500_mr025_nv10_12,0.891,0.778,0.831,0.86,0.873,0.873,0.873,0.885,0.88,0.875,0.875
SEIR01_sl500_mr025_nv10_13,0.682,0.5,0.536,0.6,0.636,0.636,0.7,0.737,0.722,0.812,0.812
SEIR01_sl500_mr025_nv10_14,0.667,0.667,0.667,0.667,0.667,0.667,0.667,0.667,0.667,0.667,0.667
SEIR01_sl500_mr025_nv10_15,0.767,0.714,0.735,0.762,0.762,0.787,0.807,0.804,0.818,0.865,0.865
SEIR01_sl500_mr025_nv10_16,0.75,0.667,0.667,0.667,0.75,0.75,0.75,0.786,0.786,0.786,0.786
SEIR01_sl500_mr025_nv10_17,0.429,0.3,0.3,0.375,0.333,0.333,0.333,0.333,0.4,0.4,0.4
SEIR01_sl500_mr025_nv10_18,0.333,0.333,0.333,0.333,0.333,0.333,0.333,0.333,0.333,0.333,0.333
SEIR01_sl500_mr025_nv10_19,0.6,0.545,0.545,0.545,0.6,0.6,0.6,0.556,0.556,0.556,0.556
SEIR01_sl500_mr025_nv10_2,0.625,0.556,0.556,0.556,0.5,0.5,0.5,0.571,0.571,0.571,0.571
SEIR01_sl500_mr025_nv10_20,0.812,0.7,0.778,0.794,0.781,0.833,0.833,0.833,0.857,0.846,0.846
SEIR01_sl500_mr025_nv10_3,0.75,0.679,0.704,0.76,0.792,0.792,0.792,0.818,0.857,0.857,0.857
SEIR01_sl500_mr025_nv10_4,0.857,0.75,0.75,0.75,0.75,0.714,0.833,0.833,0.833,0.833,0.833
SEIR01_sl500_mr025_nv10_5,0.667,0.714,0.714,0.667,0.667,0.8,0.8,0.8,1,1,1
SEIR01_sl500_mr025_nv10_6,0.845,0.773,0.836,0.847,0.862,0.877,0.889,0.906,0.923,0.923,0.92
SEIR01_sl500_mr025_nv10_7,0.806,0.744,0.744,0.784,0.784,0.784,0.784,0.806,0.824,0.848,0.875
SEIR01_sl500_mr025_nv10_8,0.737,0.737,0.737,0.737,0.737,0.737,0.737,0.737,0.737,0.737,0.737
SEIR01_sl500_mr025_nv10_9,0.778,0.778,0.778,0.778,0.778,0.778,0.778,0.778,0.778,0.778,0.778
SIR003_sl1000_mr025_nv10_1,0.714,0.733,0.733,0.733,0.733,0.714,0.769,0.769,0.769,0.769,0.769
SIR003_sl1000_mr025_nv10_10,0.786,0.733,0.786,0.786,0.786,0.786,0.786,0.786,0.786,0.75,0.75
SIR003_sl1000_mr025_nv10_11,0.633,0.489,0.488,0.571,0.594,0.679,0.692,0.72,0.81,0.81,0.842
SIR003_sl1000_mr025_nv10_12,0.837,0.721,0.721,0.729,0.741,0.784,0.86,0.86,0.881,0.925,0.925
SIR003_sl1000_mr025_nv10_13,0.545,0.318,0.375,0.429,0.625,0.667,0.667,0.667,0.667,0.667,0.667
SIR003_sl1000_mr025_nv10_14,0.867,0.737,0.737,0.75,0.8,0.857,0.923,0.923,0.923,0.923,0.923
SIR003_sl1000_mr025_nv10_15,0.583,0.562,0.63,0.68,0.708,0.727,0.714,0.714,0.7,0.722,0.722
SIR003_sl1000_mr025_nv10_16,0.667,0.591,0.579,0.579,0.556,0.556,0.588,0.625,0.625,0.714,0.769
SIR003_sl1000_mr025_nv10_17,0.75,0.714,0.714,0.731,0.792,0.818,0.857,0.9,0.9,0.9,0.9
SIR003_sl1000_mr025_nv10_18,1,1,1,1,1,1,1,1,1,1,1
SIR003_sl1000_mr025_nv10_19,0.64,0.567,0.586,0.586,0.593,0.6,0.652,0.7,0.7,0.7,0.7
SIR003_sl1000_mr025_nv10_2,0.75,0.562,0.783,0.773,0.789,0.875,0.875,0.875,0.875,0.875,0.875
SIR003_sl1000_mr025_nv10_20,0.556,0.6,0.667,0.667,0.667,0.667,0.667,0.667,0.667,0.625,0.625
SIR003_sl1000_mr025_nv10_3,0.815,0.61,0.676,0.719,0.885,0.952,0.95,0.95,0.95,0.95,0.95
SIR003_sl1000_mr025_nv10_4,0.871,0.578,0.61,0.667,0.733,0.786,0.88,0.913,0.913,0.913,0.913
SIR003_sl1000_mr025_nv10_5,0.714,0.75,0.75,0.75,0.857,0.857,0.857,0.833,0.833,0.833,0.833
SIR003_sl1000_mr025_nv10_6,0.652,0.531,0.531,0.552,0.593,0.682,0.765,0.765,0.765,0.812,0.812
SIR003_sl1000_mr025_nv10_7,0.625,0.611,0.611,0.562,0.562,0.562,0.562,0.6,0.643,0.643,0.643
SIR003_sl1000_mr025_nv10_8,0.867,0.867,0.867,0.867,0.867,0.867,0.867,0.867,0.867,0.867,0.867
SIR003_sl1000_mr025_nv10_9,0.643,0.595,0.583,0.621,0.621,0.643,0.68,0.68,0.727,0.762,0.842
SIR003_sl1000_mr05_nv10_1,0.824,0.583,0.619,0.65,0.611,0.688,0.714,0.769,0.769,0.769,0.769
SIR003_sl1000_mr05_nv10_10,0.846,0.846,0.846,0.846,0.846,0.846,0.846,0.846,0.846,0.846,0.846
SIR003_sl1000_mr05_nv10_11,0.571,0.524,0.538,0.538,0.571,0.606,0.625,0.645,0.645,0.645,0.645
SIR003_sl1000_mr05_nv10_12,0.818,0.754,0.803,0.825,0.855,0.852,0.882,0.88,0.88,0.898,0.898
SIR003_sl1000_mr05_nv10_13,0.75,0.615,0.719,0.776,0.786,0.815,0.827,0.875,0.891,0.909,0.909
SIR003_sl1000_mr05_nv10_14,1,1,1,1,1,1,1,1,1,1,1
SIR003_sl1000_mr05_nv10_15,0.846,0.8,0.8,0.8,0.846,0.846,0.846,0.909,0.909,0.909,0.909
SIR003_sl1000_mr05_nv10_16,0.808,0.71,0.71,0.759,0.778,0.808,0.8,0.826,0.81,0.81,0.81
SIR003_sl1000_mr05_nv10_17,0.429,0.312,0.5,0.533,0.533,0.615,0.75,0.75,0.75,0.75,0.75
SIR003_sl1000_mr05_nv10_18,0.696,0.577,0.652,0.652,0.652,0.652,0.652,0.652,0.714,0.75,0.75
SIR003_sl1000_mr05_nv10_19,0.757,0.725,0.725,0.763,0.757,0.757,0.757,0.757,0.8,0.8,0.8
SIR003_sl1000_mr05_nv10_2,0.933,0.933,0.933,0.933,0.933,0.933,0.933,0.933,0.933,0.933,0.933
SIR003_sl1000_mr05_nv10_20,0.889,0.25,0.263,0.4,0.444,0.6,0.667,0.667,0.667,0.667,0.667
SIR003_sl1000_mr05_nv10_3,0.8,0.643,0.615,0.667,0.778,0.875,0.875,0.875,0.875,0.875,0.875
SIR003_sl1000_mr05_nv10_4,0.846,0.846,0.846,0.846,0.846,0.846,0.846,0.846,0.846,0.846,0.846
SIR003_sl1000_mr05_nv10_5,0.532,0.446,0.467,0.491,0.511,0.545,0.524,0.553,0.548,0.615,0.652
SIR003_sl1000_mr05_nv10_6,0.682,0.571,0.571,0.577,0.577,0.591,0.812,0.812,0.812,0.812,0.812
SIR003_sl1000_mr05_nv10_7,0.826,0.741,0.8,0.826,0.826,0.826,0.826,0.857,0.857,0.857,0.857
SIR003_sl1000_mr05_nv10_8,0.681,0.613,0.636,0.686,0.708,0.739,0.756,0.795,0.789,0.833,0.833
SIR003_sl1000_mr05_nv10_9,0.533,0.367,0.405,0.531,0.571,0.64,0.636,0.667,0.667,0.824,0.867
SIR003_sl1000_mr05_nv20_1,0.703,0.625,0.732,0.725,0.744,0.771,0.806,0.806,0.806,0.8,0.8
SIR003_sl1000_mr05_nv20_10,0.827,0.671,0.742,0.833,0.898,0.915,0.915,0.913,0.932,0.953,0.953
SIR003_sl1000_mr05_nv20_11,0.4,0.333,0.333,0.4,0.667,0.667,0.667,0.667,1,1,1
SIR003_sl1000_mr05_nv20_12,0.691,0.625,0.639,0.672,0.696,0.731,0.755,0.755,0.771,0.822,0.822
SIR003_sl1000_mr05_nv20_13,0.741,0.592,0.656,0.719,0.755,0.78,0.796,0.804,0.837,0.837,0.837
SIR003_sl1000_mr05_nv20_14,1,0.909,0.909,0.909,1,1,1,1,1,1,1
SIR003_sl1000_mr05_nv20_15,0.789,0.615,0.652,0.714,0.778,0.778,0.778,0.867,0.867,0.867,1
SIR003_sl1000_mr05_nv20_16,0.727,0.581,0.63,0.689,0.738,0.75,0.789,0.789,0.853,0.879,0.879
SIR003_sl1000_mr05_nv20_17,0.74,0.6,0.633,0.72,0.735,0.761,0.778,0.778,0.833,0.833,0.833
SIR003_sl1000_mr05_nv20_18,0.711,0.673,0.727,0.756,0.763,0.757,0.778,0.824,0.839,0.839,0.839
SIR003_sl1000_mr05_nv20_19,0.73,0.625,0.667,0.718,0.737,0.743,0.743,0.743,0.867,0.893,0.893
SIR003_sl1000_mr05_nv20_2,0.673,0.563,0.587,0.638,0.667,0.711,0.78,0.816,0.811,0.833,0.833
SIR003_sl1000_mr05_nv20_20,0.857,0.857,0.857,0.857,0.857,0.857,0.857,0.857,0.857,0.857,0.857
SIR003_sl1000_mr05_nv20_3,0.692,0.562,0.692,0.692,0.692,0.692,0.692,0.692,0.692,0.8,0.8
SIR003_sl1000_mr05_nv20_4,0.875,0.784,0.784,0.806,0.844,0.844,0.844,0.929,0.926,0.926,0.926
SIR003_sl1000_mr05_nv20_5,0.667,0.5,0.567,0.727,0.762,0.762,0.762,0.842,0.842,0.842,0.842
SIR003_sl1000_mr05_nv20_6,0.786,0.667,0.706,0.688,0.786,0.786,0.833,0.833,0.833,0.833,1
SIR003_sl1000_mr05_nv20_7,0.75,0.556,0.556,0.714,0.714,0.75,0.9,0.9,0.857,0.857,0.857
SIR003_sl1000_mr05_nv20_8,0.63,0.594,0.643,0.63,0.63,0.63,0.63,0.68,0.708,0.708,0.708
SIR003_sl1000_mr05_nv20_9,0.775,0.744,0.8,0.8,0.8,0.8,0.8,0.8,0.8,0.838,0.838
SIR003_sl1000_mr05_nv5_1,0.722,0.7,0.703,0.722,0.722,0.722,0.722,0.722,0.714,0.758,0.806
SIR003_sl1000_mr05_nv5_10,0.756,0.636,0.686,0.733,0.733,0.78,0.811,0.857,0.879,0.906,0.906
SIR003_sl1000_mr05_nv5_11,0.645,0.583,0.61,0.625,0.662,0.724,0.778,0.792,0.809,0.804,0.804
SIR003_sl1000_mr05_nv5_12,1,0.857,0.857,0.833,0.833,0.833,0.833,0.833,0.833,1,1
SIR003_sl1000_mr05_nv5_13,0.833,0.833,0.833,0.833,0.833,0.833,0.833,0.833,0.833,0.833,0.833
SIR003_sl1000_mr05_nv5_14,0.586,0.514,0.514,0.567,0.586,0.586,0.63,0.615,0.696,0.696,0.696
SIR003_sl1000_mr05_nv5_15,0.71,0.608,0.64,0.662,0.719,0.742,0.776,0.827,0.833,0.83,0.841
SIR003_sl1000_mr05_nv5_16,0.833,0.833,0.833,0.833,0.833,0.833,0.833,0.833,0.833,0.833,0.833
SIR003_sl1000_mr05_nv5_17,0.583,0.522,0.532,0.545,0.652,0.652,0.707,0.718,0.735,0.735,0.735
SIR003_sl1000_mr05_nv5_18,0.812,0.824,0.824,0.824,0.824,0.875,0.867,0.867,0.867,0.867,0.867
SIR003_sl1000_mr05_nv5_19,0.543,0.5,0.5,0.55,0.6,0.576,0.594,0.613,0.63,0.68,0.68
SIR003_sl1000_mr05_nv5_2,0.667,0.615,0.615,0.615,0.667,0.667,0.667,0.636,0.636,0.636,0.636
SIR003_sl1000_mr05_nv5_20,0.643,0.647,0.647,0.6,0.643,0.643,0.643,0.615,0.615,0.8,0.8
SIR003_sl1000_mr05_nv5_3,0.625,0.556,0.556,0.556,0.625,0.625,0.625,0.571,0.571,0.571,0.571
SIR003_sl1000_mr05_nv5_4,0.857,0.765,0.812,0.857,0.857,0.857,0.857,0.846,0.917,0.917,0.917
SIR003_sl1000_mr05_nv5_5,0.727,0.474,0.6,0.667,0.727,0.7,0.7,0.875,1,1,1
SIR003_sl1000_mr05_nv5_6,0.364,0.4,0.375,0.417,0.5,0.5,0.5,0.625,0.714,0.8,0.75
SIR003_sl1000_mr05_nv5_7,0.635,0.466,0.531,0.649,0.671,0.738,0.767,0.789,0.796,0.824,0.857
SIR003_sl1000_mr05_nv5_8,0.44,0.313,0.438,0.448,0.571,0.647,0.688,0.769,0.833,0.833,0.833
SIR003_sl1000_mr05_nv5_9,0.6,0.536,0.5,0.52,0.52,0.52,0.52,0.52,0.542,0.591,0.591
SIR003_sl1000_mr1_nv10_1,0.765,0.625,0.714,0.75,0.778,0.812,0.812,0.857,0.846,0.917,0.917
SIR003_sl1000_mr1_nv10_10,0.545,0.412,0.467,0.462,0.455,0.556,0.556,0.556,0.625,0.625,0.625
SIR003_sl1000_mr1_nv10_11,0.7,0.615,0.727,0.727,0.727,0.7,0.778,0.778,0.778,0.857,0.857
SIR003_sl1000_mr1_nv10_12,0.5,0.389,0.389,0.483,0.5,0.5,0.56,0.56,0.609,0.684,0.684
SIR003_sl1000_mr1_nv10_13,0.167,0.167,0.167,0.167,0.167,0.167,0.167,0.167,0.167,0.167,0.167
SIR003_sl1000_mr1_nv10_14,0.75,0.69,0.707,0.757,0.75,0.771,0.771,0.771,0.806,0.806,0.862
SIR003_sl1000_mr1_nv10_15,0.636,0.667,0.667,0.667,0.727,0.727,0.727,0.7,0.7,0.7,0.7
SIR003_sl1000_mr1_nv10_16,0.667,0.417,0.556,0.56,0.636,0.706,0.706,0.706,0.786,0.786,0.769
SIR003_sl1000_mr1_nv10_17,0.75,0.686,0.75,0.75,0.75,0.75,0.75,0.75,0.75,0.759,0.759
SIR003_sl1000_mr1_nv10_18,0.788,0.744,0.73,0.73,0.788,0.788,0.788,0.862,0.862,0.926,0.926
SIR003_sl1000_mr1_nv10_19,0.766,0.643,0.653,0.643,0.703,0.705,0.729,0.724,0.792,0.804,0.854
SIR003_sl1000_mr1_nv10_2,0.667,0.561,0.59,0.614,0.652,0.705,0.707,0.696,0.745,0.735,0.735
SIR003_sl1000_mr1_nv10_20,0.71,0.587,0.639,0.699,0.735,0.746,0.766,0.762,0.789,0.804,0.804
SIR003_sl1000_mr1_nv10_3,0.696,0.731,0.792,0.792,0.826,0.826,0.826,0.826,0.818,0.8,0.8
SIR003_sl1000_mr1_nv10_4,0.793,0.714,0.727,0.774,0.8,0.857,0.885,0.92,0.92,0.92,0.92
SIR003_sl1000_mr1_nv10_5,0.556,0.421,0.571,0.556,0.625,0.714,0.833,0.833,1,1,1
SIR003_sl1000_mr1_nv10_6,0.667,0.575,0.639,0.657,0.656,0.7,0.769,0.833,0.833,0.909,0.909
SIR003_sl1000_mr1_nv10_7,0.625,0.6,0.6,0.75,0.75,0.75,0.75,0.75,0.833,0.833,0.833
SIR003_sl1000_mr1_nv10_8,0.743,0.551,0.591,0.667,0.743,0.839,0.867,0.867,0.893,0.893,0.893
SIR003_sl1000_mr1_nv10_9,0.667,0.5,0.571,0.667,0.857,0.857,0.857,1,1,1,1
SIR003_sl250_mr05_nv10_1,0.514,0.526,0.526,0.541,0.541,0.541,0.556,0.556,0.543,0.543,0.576
SIR003_sl250_mr05_nv10_10,0.455,0.444,0.478,0.478,0.455,0.455,0.455,0.455,0.455,0.526,0.526
SIR003_sl250_mr05_nv10_11,0.385,0.194,0.227,0.294,0.417,0.455,0.375,0.5,0.5,0.5,0.5
SIR003_sl250_mr05_nv10_12,0.429,0.429,0.429,0.429,0.429,0.429,0.429,0.429,0.429,0.429,0.429
SIR003_sl250_mr05_nv10_13,0.429,0.364,0.444,0.444,0.429,0.6,0.6,0.6,0.6,0.6,0.75
SIR003_sl250_mr05_nv10_14,0.75,0.75,0.75,0.75,0.75,0.75,0.75,0.75,0.75,0.75,0.75
SIR003_sl250_mr05_nv10_15,0.667,0.636,0.636,0.875,0.875,0.875,0.875,0.875,1,1,1
SIR003_sl250_mr05_nv10_16,0.5,0.5,0.5,0.5,0.5,0.5,0.5,0.5,0.6,0.6,0.6
SIR003_sl250_mr05_nv10_17,0.688,0.63,0.642,0.642,0.653,0.674,0.674,0.682,0.682,0.714,0.725
SIR003_sl250_mr05_nv10_18,0.467,0.391,0.432,0.471,0.483,0.52,0.565,0.632,0.667,0.667,0.667
SIR003_sl250_mr05_nv10_19,0.345,0.317,0.333,0.343,0.357,0.37,0.4,0.364,0.4,0.4,0.444
SIR003_sl250_mr05_nv10_2,0.714,0.688,0.688,0.714,0.714,0.714,0.714,0.714,0.75,0.75,0.75
SIR003_sl250_mr05_nv10_20,0.587,0.509,0.547,0.558,0.592,0.578,0.595,0.59,0.579,0.583,0.583
SIR003_sl250_mr05_nv10_3,0.864,0.792,0.792,0.864,0.864,0.864,0.864,0.9,0.9,0.9,0.9
SIR003_sl250_mr05_nv10_4,0.769,0.769,0.769,0.769,0.769,0.769,0.769,0.769,0.769,0.769,0.769
SIR003_sl250_mr05_nv10_5,0.696,0.72,0.72,0.72,0.72,0.773,0.8,0.8,0.8,0.8,0.8
SIR003_sl250_mr05_nv10_6,0.765,0.651,0.737,0.75,0.765,0.781,0.781,0.774,0.8,0.821,0.821
SIR003_sl250_mr05_nv10_7,0.442,0.316,0.359,0.367,0.389,0.426,0.444,0.476,0.513,0.514,0.514
SIR003_sl250_mr05_nv10_8,0.474,0.45,0.45,0.45,0.474,0.474,0.474,0.5,0.5,0.5,0.5
SIR003_sl250_mr05_nv10_9,0.545,0.545,0.545,0.545,0.545,0.545,0.545,0.545,0.545,0.545,0.545
SIR003_sl500_mr05_nv10_1,0.857,0.75,0.75,0.75,0.714,0.714,0.714,0.833,0.833,0.833,0.833
SIR003_sl500_mr05_nv10_10,0.561,0.439,0.5,0.622,0.65,0.694,0.656,0.655,0.75,0.75,0.75
SIR003_sl500_mr05_nv10_11,0.833,0.833,0.833,0.833,0.833,0.833,0.833,0.833,0.833,0.833,0.833
SIR003_sl500_mr05_nv10_12,0.643,0.568,0.588,0.588,0.645,0.69,0.68,0.727,0.727,0.714,0.789
SIR003_sl500_mr05_nv10_13,0.729,0.5,0.6,0.596,0.635,0.762,0.784,0.806,0.806,0.806,0.806
SIR003_sl500_mr05_nv10_14,0.606,0.556,0.6,0.632,0.71,0.724,0.724,0.741,0.769,0.769,0.8
SIR003_sl500_mr05_nv10_15,0.842,0.85,0.85,0.85,0.85,0.842,0.889,0.889,0.889,0.889,0.889
SIR003_sl500_mr05_nv10_16,0.5,0.5,0.5,0.533,0.533,0.571,0.538,0.538,0.583,0.583,0.7
SIR003_sl500_mr05_nv10_17,0.636,0.667,0.667,0.667,0.667,0.8,0.778,0.778,0.778,0.778,0.778
SIR003_sl500_mr05_nv10_18,0.846,0.846,0.846,0.846,0.846,0.846,0.846,0.846,0.846,0.846,0.846
SIR003_sl500_mr05_nv10_19,0.633,0.545,0.563,0.578,0.617,0.638,0.654,0.654,0.654,0.66,0.66
SIR003_sl500_mr05_nv10_2,0.824,0.789,0.829,0.853,0.853,0.853,0.848,0.875,0.875,0.875,0.875
SIR003_sl500_mr05_nv10_20,0.5,0.5,0.5,0.625,0.625,0.625,0.625,0.625,0.667,0.667,0.667
SIR003_sl500_mr05_nv10_3,0.759,0.719,0.759,0.759,0.759,0.759,0.759,0.759,0.759,0.808,0.808
SIR003_sl500_mr05_nv10_4,0.63,0.489,0.559,0.643,0.739,0.773,0.75,0.789,0.789,0.789,0.789
SIR003_sl500_mr05_nv10_5,0.545,0.474,0.562,0.692,0.778,0.778,0.778,0.857,0.857,0.857,0.857
SIR003_sl500_mr05_nv10_6,0.667,0.621,0.63,0.63,0.762,0.789,0.824,0.824,0.824,0.867,0.867
SIR003_sl500_mr05_nv10_7,0.667,0.667,0.667,0.667,0.667,0.667,0.667,0.667,0.667,0.667,0.667
SIR003_sl500_mr05_nv10_8,0.625,0.55,0.55,0.55,0.562,0.6,0.643,0.727,0.727,0.727,0.727
SIR003_sl500_mr05_nv10_9,0.857,0.857,0.857,0.857,0.857,0.857,0.857,0.857,0.857,0.857,0.857
SIR01_sl1000_mr075_nv10_1,0.759,0.731,0.778,0.79,0.787,0.828,0.825,0.849,0.846,0.875,0.875
SIR01_sl1000_mr075_nv10_10,0.75,0.7,0.7,0.7,0.75,0.75,0.75,0.833,0.833,0.833,0.833
SIR01_sl1000_mr075_nv10_11,1,1,1,1,1,1,1,1,1,1,1
SIR01_sl1000_mr075_nv10_12,0.867,0.757,0.743,0.806,0.806,0.8,0.857,0.923,0.923,0.923,0.923
SIR01_sl1000_mr075_nv10_13,0.643,0.562,0.562,0.562,0.643,0.643,0.643,0.583,0.583,0.583,0.583
SIR01_sl1000_mr075_nv10_14,0.857,0.6,0.857,0.857,0.857,0.857,0.857,0.857,0.833,0.8,0.8
SIR01_sl1000_mr075_nv10_15,0.833,0.833,0.833,0.833,0.833,0.833,0.833,0.833,0.833,0.833,0.833
SIR01_sl1000_mr075_nv10_16,0.833,0.762,0.762,0.75,0.789,0.789,0.789,0.778,0.778,0.875,0.875
SIR01_sl1000_mr075_nv10_17,0.597,0.476,0.516,0.588,0.622,0.676,0.689,0.712,0.759,0.78,0.848
SIR01_sl1000_mr075_nv10_18,0.909,0.833,0.833,0.833,0.818,0.818,0.818,0.9,0.9,0.9,0.9
SIR01_sl1000_mr075_nv10_19,0.455,0.435,0.529,0.571,0.615,0.6,0.714,0.714,1,1,1
SIR01_sl1000_mr075_nv10_2,0.727,0.444,0.615,0.615,0.727,0.727,0.727,0.667,0.857,1,1
SIR01_sl1000_mr075_nv10_20,0.733,0.605,0.625,0.639,0.647,0.741,0.8,0.833,0.909,0.909,0.909
SIR01_sl1000_mr075_nv10_3,0.545,0.444,0.5,0.545,0.545,0.545,0.545,0.545,0.667,0.667,0.667
SIR01_sl1000_mr075_nv10_4,0.846,0.75,0.75,0.825,0.846,0.846,0.861,0.853,0.848,0.848,0.848
SIR01_sl1000_mr075_nv10_5,0.758,0.611,0.679,0.743,0.765,0.842,0.889,0.889,0.889,0.94,0.958
SIR01_sl1000_mr075_nv10_6,0.75,0.75,0.75,0.75,0.75,0.75,0.75,0.75,0.75,0.75,0.75
SIR01_sl1000_mr075_nv10_7,0.833,0.786,0.786,0.786,0.875,0.875,0.875,0.95,0.95,0.95,0.95
SIR01_sl1000_mr075_nv10_8,0.562,0.323,0.429,0.6,0.6,0.75,0.818,0.818,0.818,0.818,0.818
SIR01_sl1000_mr075_nv10_9,0.778,0.595,0.656,0.656,0.704,0.708,0.85,0.85,0.85,0.85,0.895
SIR01_sl1000_mr15_nv10_1,0.545,0.38,0.481,0.542,0.587,0.618,0.68,0.739,0.739,0.744,0.744
SIR01_sl1000_mr15_nv10_10,0.636,0.587,0.571,0.649,0.719,0.733,0.733,0.808,0.833,0.833,0.833
SIR01_sl1000_mr15_nv10_11,0.667,0.421,0.5,0.5,0.667,0.667,0.778,0.875,0.875,0.875,0.875
SIR01_sl1000_mr15_nv10_12,0.542,0.296,0.5,0.609,0.684,0.667,0.667,0.667,0.706,0.733,0.733
SIR01_sl1000_mr15_nv10_13,0.824,0.333,0.737,0.786,0.846,0.846,0.846,1,1,1,1
SIR01_sl1000_mr15_nv10_14,1,1,1,1,1,1,1,1,1,1,1
SIR01_sl1000_mr15_nv10_15,0.579,0.423,0.431,0.478,0.6,0.606,0.625,0.667,0.667,0.667,0.739
SIR01_sl1000_mr15_nv10_16,0.857,0.857,0.857,0.857,0.857,0.857,0.857,0.857,0.857,0.857,0.857
SIR01_sl1000_mr15_nv10_17,0.8,0.562,0.562,0.882,0.882,0.938,0.938,0.938,1,1,1
SIR01_sl1000_mr15_nv10_18,0.686,0.612,0.642,0.667,0.685,0.706,0.712,0.746,0.78,0.821,0.868
SIR01_sl1000_mr15_nv10_19,0.889,0.889,0.889,0.889,0.889,0.889,0.889,0.889,0.889,0.889,0.889
SIR01_sl1000_mr15_nv10_2,0.538,0.387,0.571,0.857,0.857,0.909,1,1,1,1,1
SIR01_sl1000_mr15_nv10_20,0.778,0.778,0.778,0.778,0.778,0.778,0.778,0.778,0.778,0.778,0.778
SIR01_sl1000_mr15_nv10_3,0.717,0.586,0.652,0.688,0.746,0.8,0.824,0.824,0.837,0.854,0.854
SIR01_sl1000_mr15_nv10_4,0.5,0.538,0.6,0.6,0.75,0.75,0.667,0.667,0.667,0.8,0.8
SIR01_sl1000_mr15_nv10_5,0.9,0.833,0.9,0.9,0.9,0.9,0.9,0.9,0.9,1,1
SIR01_sl1000_mr15_nv10_6,0.714,0.714,0.714,0.714,0.714,0.714,0.714,0.714,0.714,0.714,0.714
SIR01_sl1000_mr15_nv10_7,0.7,0.507,0.632,0.66,0.686,0.814,0.846,0.846,0.846,0.846,0.846
SIR01_sl1000_mr15_nv10_8,0.8,0.429,0.571,0.571,0.727,1,1,1,1,1,1
SIR01_sl1000_mr15_nv10_9,0.667,0.652,0.652,0.652,0.667,0.667,0.667,0.667,0.737,0.737,0.737
SIR01_sl1000_mr15_nv20_1,0.697,0.472,0.511,0.639,0.719,0.786,0.815,0.846,0.846,0.909,0.909
SIR01_sl1000_mr15_nv20_10,0.692,0.647,0.733,0.733,0.769,0.769,0.769,0.818,0.818,0.818,0.889
SIR01_sl1000_mr15_nv20_11,0.864,0.855,0.855,0.855,0.855,0.847,0.893,0.893,0.893,0.893,0.893
SIR01_sl1000_mr15_nv20_12,0.6,0.444,0.5,0.6,0.643,0.75,0.75,0.75,0.75,0.889,0.889
SIR01_sl1000_mr15_nv20_13,0.833,0.833,0.833,0.833,0.833,0.833,0.833,0.833,0.833,0.833,0.833
SIR01_sl1000_mr15_nv20_14,0.4,0.4,0.4,0.4,0.4,0.4,0.4,0.4,0.4,0.4,0.4
SIR01_sl1000_mr15_nv20_15,0.357,0.238,0.294,0.357,0.357,0.455,0.455,0.455,0.455,0.5,0.5
SIR01_sl1000_mr15_nv20_16,0.857,0.8,0.833,0.864,0.905,0.9,0.947,0.947,0.947,0.947,0.947
SIR01_sl1000_mr15_nv20_17,0.714,0.714,0.714,0.714,0.714,0.714,0.714,0.714,0.714,0.714,0.714
SIR01_sl1000_mr15_nv20_18,0.933,0.848,0.875,0.933,0.933,0.933,0.933,0.933,0.933,0.963,0.963
SIR01_sl1000_mr15_nv20_19,0.824,0.701,0.746,0.843,0.891,0.891,0.891,0.891,0.911,0.911,0.911
SIR01_sl1000_mr15_nv20_2,0.6,0.429,0.429,0.429,0.5,0.5,0.5,0.833,0.833,0.833,0.833
SIR01_sl1000_mr15_nv20_20,0.857,0.857,0.857,0.857,0.857,0.857,0.857,0.857,0.857,0.857,0.857
SIR01_sl1000_mr15_nv20_3,0.6,0.417,0.714,0.8,0.8,0.8,0.8,1,1,1,1
SIR01_sl1000_mr15_nv20_4,0.739,0.596,0.63,0.68,0.718,0.785,0.836,0.833,0.845,0.875,0.875
SIR01_sl1000_mr15_nv20_5,0.7,0.7,0.7,0.7,0.7,0.7,0.7,0.7,0.7,0.7,0.7
SIR01_sl1000_mr15_nv20_6,0.875,0.778,0.778,0.875,0.875,0.875,0.875,0.875,0.875,0.875,0.875
SIR01_sl1000_mr15_nv20_7,0.821,0.75,0.75,0.75,0.767,0.786,0.917,0.917,0.917,0.917,0.957
SIR01_sl1000_mr15_nv20_8,0.812,0.642,0.792,0.8,0.812,0.864,0.881,0.902,0.902,0.897,0.897
SIR01_sl1000_mr15_nv20_9,0.769,0.632,0.724,0.769,0.8,0.87,0.909,0.909,0.909,0.909,0.947
SIR01_sl1000_mr15_nv5_1,0.679,0.479,0.55,0.618,0.72,0.739,0.739,0.773,0.789,0.789,0.789
SIR01_sl1000_mr15_nv5_10,1,0.625,0.769,0.909,0.909,0.909,0.909,1,1,1,1
SIR01_sl1000_mr15_nv5_11,0.667,0.545,0.545,0.667,0.667,0.667,0.667,0.667,0.714,0.714,0.714
SIR01_sl1000_mr15_nv5_12,0.522,0.412,0.452,0.429,0.44,0.5,0.556,0.529,0.529,0.529,0.529
SIR01_sl1000_mr15_nv5_13,0.812,0.812,0.812,0.812,0.812,0.812,0.812,0.812,0.812,0.812,0.812
SIR01_sl1000_mr15_nv5_14,0.708,0.543,0.6,0.607,0.667,0.727,0.75,0.765,0.857,0.857,0.857
SIR01_sl1000_mr15_nv5_15,0.756,0.692,0.686,0.723,0.75,0.75,0.75,0.786,0.786,0.8,0.8
SIR01_sl1000_mr15_nv5_16,0.4,0.4,0.4,0.4,0.4,0.444,0.5,0.5,0.5,0.5,0.5
SIR01_sl1000_mr15_nv5_17,0.875,0.875,0.875,0.875,0.875,0.875,0.875,0.875,0.875,0.875,0.875
SIR01_sl1000_mr15_nv5_18,0.778,0.643,0.75,0.7,0.667,0.667,0.667,1,1,1,1
SIR01_sl1000_mr15_nv5_19,0.619,0.517,0.556,0.636,0.636,0.65,0.632,0.632,0.733,0.733,0.733
SIR01_sl1000_mr15_nv5_2,0.543,0.52,0.565,0.558,0.585,0.645,0.69,0.704,0.75,0.75,0.75
SIR01_sl1000_mr15_nv5_20,0.765,0.571,0.714,0.833,0.833,0.867,0.867,0.846,0.846,0.909,0.909
SIR01_sl1000_mr15_nv5_3,0.222,0.294,0.333,0.364,0.364,0.444,0.5,0.429,0.429,0.4,0.4
SIR01_sl1000_mr15_nv5_4,0.52,0.286,0.351,0.419,0.571,0.571,0.55,0.588,0.714,0.714,0.667
SIR01_sl1000_mr15_nv5_5,0.545,0.643,0.545,0.545,0.545,0.545,0.545,0.545,0.545,0.75,0.75
SIR01_sl1000_mr15_nv5_6,0.522,0.409,0.459,0.6,0.65,0.684,0.667,0.667,0.857,0.917,0.917
SIR01_sl1000_mr15_nv5_7,0.5,0.35,0.286,0.364,0.5,1,1,1,1,1,1
SIR01_sl1000_mr15_nv5_8,0.375,0.273,0.273,0.333,0.375,0.375,0.375,0.429,0.6,0.6,0.6
SIR01_sl1000_mr15_nv5_9,0.596,0.326,0.453,0.644,0.659,0.73,0.73,0.75,0.794,0.794,0.839
SIR01_sl1000_mr3_nv10_1,0.677,0.634,0.684,0.686,0.719,0.767,0.815,0.815,0.88,0.875,0.875
SIR01_sl1000_mr3_nv10_10,0.889,0.692,0.692,0.889,0.889,0.875,0.875,1,1,1,1
SIR01_sl1000_mr3_nv10_11,0.655,0.448,0.544,0.689,0.714,0.816,0.864,0.864,0.949,0.947,0.947
SIR01_sl1000_mr3_nv10_12,0.765,0.556,0.61,0.641,0.774,0.8,0.8,0.828,0.828,0.828,0.828
SIR01_sl1000_mr3_nv10_13,0.639,0.492,0.592,0.634,0.697,0.742,0.759,0.786,0.778,0.913,0.913
SIR01_sl1000_mr3_nv10_14,0.759,0.694,0.735,0.767,0.852,0.885,0.885,0.885,0.88,0.88,0.88
SIR01_sl1000_mr3_nv10_15,0.556,0.462,0.462,0.462,0.462,0.556,0.8,0.8,0.8,0.8,0.8
SIR01_sl1000_mr3_nv10_16,0.812,0.6,0.619,0.735,0.8,0.857,0.857,0.923,0.923,0.92,0.92
SIR01_sl1000_mr3_nv10_17,0.8,0.8,0.8,0.8,0.8,0.8,0.8,0.8,0.8,0.8,0.8
SIR01_sl1000_mr3_nv10_18,0.792,0.576,0.655,0.655,0.792,0.818,0.818,0.947,0.947,0.941,0.941
SIR01_sl1000_mr3_nv10_19,0.419,0.267,0.357,0.455,0.483,0.5,0.619,0.923,0.923,0.917,0.917
SIR01_sl1000_mr3_nv10_2,0.778,0.778,0.778,0.778,0.778,0.778,0.778,0.778,0.778,0.778,0.778
SIR01_sl1000_mr3_nv10_20,0.75,0.643,0.643,0.692,0.692,0.667,0.727,0.727,0.727,0.7,0.7
SIR01_sl1000_mr3_nv10_3,0.7,0.625,0.625,0.652,0.7,0.7,0.737,0.824,0.812,0.812,0.812
SIR01_sl1000_mr3_nv10_4,0.75,0.917,0.917,0.917,0.917,0.917,0.917,0.917,0.917,0.917,0.917
SIR01_sl1000_mr3_nv10_5,0.714,0.688,0.71,0.733,0.733,0.75,0.8,0.8,0.8,0.8,0.783
SIR01_sl1000_mr3_nv10_6,0.667,0.465,0.569,0.61,0.614,0.654,0.75,0.762,0.775,0.806,0.806
SIR01_sl1000_mr3_nv10_7,0.609,0.5,0.567,0.654,0.739,0.75,0.75,0.789,0.778,0.812,0.812
SIR01_sl1000_mr3_nv10_8,0.8,0.533,0.636,0.6,0.6,0.6,0.6,0.667,0.667,1,1
SIR01_sl1000_mr3_nv10_9,0.655,0.462,0.526,0.667,0.76,0.826,0.85,0.889,0.938,1,1
SIR01_sl250_mr15_nv10_1,0.619,0.591,0.591,0.591,0.619,0.619,0.619,0.65,0.65,0.65,0.65
SIR01_sl250_mr15_nv10_10,0.6,0.446,0.563,0.594,0.661,0.679,0.673,0.694,0.723,0.733,0.733
SIR01_sl250_mr15_nv10_11,0.462,0.333,0.375,0.414,0.522,0.545,0.545,0.545,0.6,0.6,0.6
SIR01_sl250_mr15_nv10_12,0.5,0.405,0.455,0.5,0.52,0.571,0.579,0.579,0.579,0.579,0.579
SIR01_sl250_mr15_nv10_13,0.353,0.345,0.304,0.35,0.375,0.375,0.5,0.545,0.545,0.6,0.6
SIR01_sl250_mr15_nv10_14,0.444,0.444,0.444,0.444,0.444,0.444,0.444,0.444,0.471,0.471,0.471
SIR01_sl250_mr15_nv10_15,0.4,0.2,0.312,0.375,0.375,0.375,0.4,0.4,0.5,0.5,0.5
SIR01_sl250_mr15_nv10_16,0.6,0.607,0.607,0.63,0.68,0.68,0.68,0.696,0.682,0.682,0.682
SIR01_sl250_mr15_nv10_17,1,1,1,1,1,1,1,1,1,1,1
SIR01_sl250_mr15_nv10_18,0.5,0.452,0.483,0.5,0.481,0.48,0.48,0.522,0.522,0.545,0.579
SIR01_sl250_mr15_nv10_19,0.75,0.75,0.75,0.75,0.75,0.75,0.75,0.75,0.75,0.75,0.75
SIR01_sl250_mr15_nv10_2,0.545,0.462,0.462,0.462,0.545,0.545,0.545,0.667,0.667,0.667,0.667
SIR01_sl250_mr15_nv10_20,0.375,0.4,0.4,0.444,0.5,0.5,0.5,0.5,0.429,0.429,0.429
SIR01_sl250_mr15_nv10_3,0.5,0.37,0.435,0.429,0.5,0.5,0.5,0.571,0.571,0.727,0.727
SIR01_sl250_mr15_nv10_4,0.538,0.533,0.538,0.538,0.538,0.538,0.538,0.538,0.538,0.545,0.545
SIR01_sl250_mr15_nv10_5,0.8,0.8,0.8,0.8,0.8,0.8,0.8,0.8,0.8,0.8,0.8
SIR01_sl250_mr15_nv10_6,0.46,0.362,0.369,0.373,0.346,0.378,0.39,0.432,0.417,0.438,0.438
SIR01_sl250_mr15_nv10_7,0.574,0.447,0.476,0.5,0.556,0.641,0.658,0.727,0.727,0.8,0.8
SIR01_sl250_mr15_nv10_8,0.556,0.583,0.6,0.556,0.556,0.556,0.556,0.625,0.625,0.714,0.714
SIR01_sl250_mr15_nv10_9,0.333,0.241,0.333,0.462,0.545,0.5,0.5,0.5,0.571,0.571,0.571
SIR01_sl500_mr15_nv10_1,0.4,0.364,0.375,0.4,0.5,0.5,0.667,0.667,0.667,1,1
SIR01_sl500_mr15_nv10_10,0.538,0.6,0.6,0.6,0.6,0.538,0.636,0.636,0.636,0.636,0.636
SIR01_sl500_mr15_nv10_11,0.706,0.556,0.636,0.65,0.722,0.722,0.722,0.688,0.769,0.889,0.889
SIR01_sl500_mr15_nv10_12,0.5,0.5,0.455,0.556,0.5,0.5,0.5,0.667,0.6,0.6,0.6
SIR01_sl500_mr15_nv10_13,0.429,0.6,0.6,0.556,0.5,0.5,0.5,0.667,0.6,0.6,0.6
SIR01_sl500_mr15_nv10_14,0.564,0.561,0.551,0.545,0.6,0.629,0.688,0.677,0.778,0.778,0.778
SIR01_sl500_mr15_nv10_15,0.625,0.588,0.588,0.625,0.625,0.625,0.625,0.625,0.667,0.667,0.667
SIR01_sl500_mr15_nv10_16,0.8,0.8,0.8,0.8,0.8,0.8,0.8,0.8,0.8,0.8,0.8
SIR01_sl500_mr15_nv10_17,0.692,0.714,0.714,0.714,0.714,0.769,0.75,0.75,0.75,0.75,0.75
SIR01_sl500_mr15_nv10_18,0.56,0.548,0.552,0.571,0.6,0.625,0.652,0.636,0.667,0.722,0.765
SIR01_sl500_mr15_nv10_19,0.793,0.59,0.676,0.676,0.742,0.786,0.8,0.792,0.792,0.857,0.842
SIR01_sl500_mr15_nv10_2,0.636,0.517,0.536,0.538,0.636,0.667,0.7,0.706,0.706,0.706,0.706
SIR01_sl500_mr15_nv10_20,0.8,0.677,0.75,0.75,0.8,0.826,0.826,0.818,0.818,0.857,0.857
SIR01_sl500_mr15_nv10_3,0.65,0.593,0.593,0.667,0.65,0.722,0.722,0.812,0.867,0.867,0.867
SIR01_sl500_mr15_nv10_4,0.653,0.603,0.656,0.722,0.787,0.8,0.81,0.805,0.842,0.886,0.886
SIR01_sl500_mr15_nv10_5,0.698,0.597,0.656,0.661,0.732,0.725,0.787,0.787,0.795,0.825,0.825
SIR01_sl500_mr15_nv10_6,0.935,0.906,0.906,0.906,0.906,0.935,0.933,0.933,0.933,0.933,0.933
SIR01_sl500_mr15_nv10_7,0.75,0.7,0.7,0.7,0.75,0.75,0.75,0.833,0.833,0.833,0.833
SIR01_sl500_mr15_nv10_8,0.667,0.368,0.538,0.583,0.667,0.625,0.8,0.75,0.75,0.75,0.75
SIR01_sl500_mr15_nv10_9,0.759,0.622,0.657,0.71,0.815,0.83,0.846,0.86,0.86,0.878,0.878
,0.698708928571429,0.620307142857143,0.653210714285716,0.683803571428572,0.709567857142857,0.728417857142857,0.743262500000001,0.758707142857143,0.772535714285715,0.78438392857143,0.788526785714288
