dataset,phylo_prec,phylo_rec,phylo_f1,tnet_prec,tnet_rec,tnet_f1
SEIR015_sl1000_mr0125_nv10_1,0.947,0.973,0.959,1,0.37,0.54
SEIR015_sl1000_mr0125_nv10_10,0.875,0.737,0.8,1,0.526,0.69
SEIR015_sl1000_mr0125_nv10_11,1,0.615,0.762,1,0.308,0.471
SEIR015_sl1000_mr0125_nv10_12,1,0.643,0.783,1,0.357,0.526
SEIR015_sl1000_mr0125_nv10_13,0.958,0.92,0.939,0.968,0.6,0.741
SEIR015_sl1000_mr0125_nv10_14,0.868,0.885,0.876,1,0.577,0.732
SEIR015_sl1000_mr0125_nv10_15,0.914,0.711,0.8,0.929,0.289,0.441
SEIR015_sl1000_mr0125_nv10_16,0.828,0.762,0.793,0.973,0.571,0.72
SEIR015_sl1000_mr0125_nv10_17,0.828,0.923,0.873,0.923,0.462,0.615
SEIR015_sl1000_mr0125_nv10_18,0.857,0.6,0.706,1,0.4,0.571
SEIR015_sl1000_mr0125_nv10_19,0.905,0.613,0.731,1,0.548,0.708
SEIR015_sl1000_mr0125_nv10_2,0.929,0.812,0.867,1,0.625,0.769
SEIR015_sl1000_mr0125_nv10_20,0.941,0.78,0.853,0.944,0.415,0.576
SEIR015_sl1000_mr0125_nv10_3,0.889,0.889,0.889,1,0.556,0.714
SEIR015_sl1000_mr0125_nv10_4,1,0.8,0.889,1,0.5,0.667
SEIR015_sl1000_mr0125_nv10_5,0.941,0.941,0.941,1,0.235,0.381
SEIR015_sl1000_mr0125_nv10_6,0.879,0.829,0.853,1,0.314,0.478
SEIR015_sl1000_mr0125_nv10_7,0.967,0.868,0.915,0.967,0.426,0.592
SEIR015_sl1000_mr0125_nv10_8,0.9,1,0.947,1,0.389,0.56
SEIR015_sl1000_mr0125_nv10_9,0.571,0.571,0.571,1,0.143,0.25
SEIR015_sl1000_mr025_nv10_1,0.889,0.8,0.842,1,0.7,0.824
SEIR015_sl1000_mr025_nv10_10,1,0.545,0.706,1,0.364,0.533
SEIR015_sl1000_mr025_nv10_11,0.893,0.893,0.893,1,0.393,0.564
SEIR015_sl1000_mr025_nv10_12,1,0.6,0.75,1,0.3,0.462
SEIR015_sl1000_mr025_nv10_13,0.5,0.3,0.375,1,0.2,0.333
SEIR015_sl1000_mr025_nv10_14,0.741,0.8,0.769,0.875,0.56,0.683
SEIR015_sl1000_mr025_nv10_15,0.865,0.552,0.674,1,0.207,0.343
SEIR015_sl1000_mr025_nv10_16,0.857,0.857,0.857,0.9,0.643,0.75
SEIR015_sl1000_mr025_nv10_17,0.941,0.842,0.889,0.895,0.447,0.596
SEIR015_sl1000_mr025_nv10_18,0.853,0.784,0.817,1,0.514,0.679
SEIR015_sl1000_mr025_nv10_19,0.85,0.895,0.872,0.875,0.368,0.519
SEIR015_sl1000_mr025_nv10_2,0.873,0.857,0.865,0.941,0.286,0.438
SEIR015_sl1000_mr025_nv10_20,0.75,0.75,0.75,1,0.5,0.667
SEIR015_sl1000_mr025_nv10_3,0.88,0.957,0.917,1,0.543,0.704
SEIR015_sl1000_mr025_nv10_4,0.955,0.955,0.955,0.952,0.455,0.615
SEIR015_sl1000_mr025_nv10_5,0.857,0.875,0.866,0.962,0.521,0.676
SEIR015_sl1000_mr025_nv10_6,0.915,0.935,0.925,1,0.435,0.606
SEIR015_sl1000_mr025_nv10_7,1,0.667,0.8,1,0.667,0.8
SEIR015_sl1000_mr025_nv10_8,0.944,0.85,0.895,1,0.6,0.75
SEIR015_sl1000_mr025_nv10_9,0.964,0.964,0.964,1,0.536,0.698
SEIR015_sl1000_mr025_nv20_1,0.8,0.8,0.8,1,0.333,0.5
SEIR015_sl1000_mr025_nv20_10,0.778,0.778,0.778,0.833,0.556,0.667
SEIR015_sl1000_mr025_nv20_11,0.923,0.923,0.923,0.889,0.615,0.727
SEIR015_sl1000_mr025_nv20_12,0.667,0.7,0.683,0.909,0.5,0.645
SEIR015_sl1000_mr025_nv20_13,0.75,1,0.857,1,0.778,0.875
SEIR015_sl1000_mr025_nv20_14,0.955,0.955,0.955,1,0.364,0.533
SEIR015_sl1000_mr025_nv20_15,0.75,0.75,0.75,1,0.375,0.545
SEIR015_sl1000_mr025_nv20_16,0.968,1,0.984,1,0.7,0.824
SEIR015_sl1000_mr025_nv20_17,0.912,0.929,0.92,0.967,0.518,0.674
SEIR015_sl1000_mr025_nv20_18,0.806,0.744,0.773,0.938,0.385,0.545
SEIR015_sl1000_mr025_nv20_19,0.7,0.636,0.667,1,0.364,0.533
SEIR015_sl1000_mr025_nv20_2,0.917,0.88,0.898,1,0.6,0.75
SEIR015_sl1000_mr025_nv20_20,0.778,0.737,0.757,0.75,0.474,0.581
SEIR015_sl1000_mr025_nv20_3,0.95,0.864,0.905,1,0.439,0.611
SEIR015_sl1000_mr025_nv20_4,0.912,0.939,0.925,0.846,0.333,0.478
SEIR015_sl1000_mr025_nv20_5,0.973,0.923,0.947,0.941,0.41,0.571
SEIR015_sl1000_mr025_nv20_6,0.897,0.921,0.909,0.955,0.553,0.7
SEIR015_sl1000_mr025_nv20_7,0.943,0.917,0.93,1,0.75,0.857
SEIR015_sl1000_mr025_nv20_8,0.895,0.761,0.823,0.974,0.567,0.717
SEIR015_sl1000_mr025_nv20_9,0.778,0.778,0.778,0.8,0.222,0.348
SEIR015_sl1000_mr025_nv5_1,0.857,0.429,0.571,1,0.143,0.25
SEIR015_sl1000_mr025_nv5_10,0.724,0.583,0.646,1,0.278,0.435
SEIR015_sl1000_mr025_nv5_11,0.929,0.83,0.876,0.938,0.319,0.476
SEIR015_sl1000_mr025_nv5_12,0.8,0.727,0.762,0.75,0.273,0.4
SEIR015_sl1000_mr025_nv5_13,0.871,0.871,0.871,1,0.323,0.488
SEIR015_sl1000_mr025_nv5_14,0.867,0.867,0.867,1,0.6,0.75
SEIR015_sl1000_mr025_nv5_15,0.833,0.769,0.8,0.957,0.338,0.5
SEIR015_sl1000_mr025_nv5_16,1,0.885,0.939,1,0.385,0.556
SEIR015_sl1000_mr025_nv5_17,1,0.854,0.921,1,0.39,0.561
SEIR015_sl1000_mr025_nv5_18,0.816,0.727,0.769,0.895,0.309,0.459
SEIR015_sl1000_mr025_nv5_19,0.714,0.455,0.556,1,0.182,0.308
SEIR015_sl1000_mr025_nv5_2,1,0.667,0.8,1,0.222,0.364
SEIR015_sl1000_mr025_nv5_20,0.811,0.732,0.769,1,0.268,0.423
SEIR015_sl1000_mr025_nv5_3,0.762,0.593,0.667,1,0.259,0.412
SEIR015_sl1000_mr025_nv5_4,0.867,0.78,0.821,0.824,0.28,0.418
SEIR015_sl1000_mr025_nv5_5,0.714,0.476,0.571,1,0.095,0.174
SEIR015_sl1000_mr025_nv5_6,0.732,0.484,0.583,0.889,0.129,0.225
SEIR015_sl1000_mr025_nv5_7,0.846,0.846,0.846,0.875,0.269,0.412
SEIR015_sl1000_mr025_nv5_8,0.952,0.87,0.909,1,0.348,0.516
SEIR015_sl1000_mr025_nv5_9,0.719,0.575,0.639,0.833,0.25,0.385
SEIR015_sl1000_mr05_nv10_1,0.765,0.765,0.765,0.833,0.294,0.435
SEIR015_sl1000_mr05_nv10_10,0.889,0.889,0.889,0.857,0.667,0.75
SEIR015_sl1000_mr05_nv10_11,0.571,0.5,0.533,0.667,0.25,0.364
SEIR015_sl1000_mr05_nv10_12,0.727,1,0.842,0.8,0.5,0.615
SEIR015_sl1000_mr05_nv10_13,0.964,0.885,0.923,1,0.623,0.768
SEIR015_sl1000_mr05_nv10_14,0.822,0.804,0.813,0.929,0.283,0.433
SEIR015_sl1000_mr05_nv10_15,0.909,0.909,0.909,1,0.091,0.167
SEIR015_sl1000_mr05_nv10_16,0.909,0.976,0.941,1,0.561,0.719
SEIR015_sl1000_mr05_nv10_17,0.857,0.87,0.863,0.964,0.391,0.557
SEIR015_sl1000_mr05_nv10_18,0.833,0.854,0.843,1,0.439,0.61
SEIR015_sl1000_mr05_nv10_19,0.938,0.938,0.938,1,0.531,0.694
SEIR015_sl1000_mr05_nv10_2,0.941,0.762,0.842,0.846,0.262,0.4
SEIR015_sl1000_mr05_nv10_20,0.852,0.561,0.676,0.667,0.098,0.17
SEIR015_sl1000_mr05_nv10_3,0.86,0.875,0.867,0.974,0.661,0.787
SEIR015_sl1000_mr05_nv10_4,0.875,0.875,0.875,1,0.312,0.476
SEIR015_sl1000_mr05_nv10_5,0.818,0.818,0.818,1,0.545,0.706
SEIR015_sl1000_mr05_nv10_6,1,0.967,0.983,1,0.4,0.571
SEIR015_sl1000_mr05_nv10_7,0.692,0.692,0.692,1,0.615,0.762
SEIR015_sl1000_mr05_nv10_8,0.879,0.806,0.841,0.952,0.556,0.702
SEIR015_sl1000_mr05_nv10_9,0.857,0.8,0.828,1,0.4,0.571
SEIR015_sl250_mr025_nv10_1,0.833,0.882,0.857,1,0.588,0.741
SEIR015_sl250_mr025_nv10_10,0.65,0.661,0.655,0.923,0.203,0.333
SEIR015_sl250_mr025_nv10_11,0.556,0.588,0.571,0.733,0.324,0.449
SEIR015_sl250_mr025_nv10_12,0.647,0.767,0.702,0.917,0.256,0.4
SEIR015_sl250_mr025_nv10_13,0.786,0.688,0.733,1,0.5,0.667
SEIR015_sl250_mr025_nv10_14,0.655,0.76,0.704,0.556,0.2,0.294
SEIR015_sl250_mr025_nv10_15,0.704,0.776,0.738,0.9,0.367,0.522
SEIR015_sl250_mr025_nv10_16,0.484,0.556,0.517,0.75,0.111,0.194
SEIR015_sl250_mr025_nv10_17,0.5,0.333,0.4,0.667,0.167,0.267
SEIR015_sl250_mr025_nv10_18,0.5,0.636,0.56,1,0.182,0.308
SEIR015_sl250_mr025_nv10_19,0.515,0.459,0.486,0.667,0.162,0.261
SEIR015_sl250_mr025_nv10_2,0.429,0.409,0.419,0.667,0.091,0.16
SEIR015_sl250_mr025_nv10_20,0.73,0.818,0.771,0.778,0.424,0.549
SEIR015_sl250_mr025_nv10_3,0.462,0.4,0.429,0.333,0.067,0.111
SEIR015_sl250_mr025_nv10_4,0.75,0.84,0.792,0.941,0.64,0.762
SEIR015_sl250_mr025_nv10_5,0.778,0.875,0.824,0.8,0.5,0.615
SEIR015_sl250_mr025_nv10_6,0.545,0.686,0.608,0.786,0.314,0.449
SEIR015_sl250_mr025_nv10_7,0.333,0.25,0.286,1,0.25,0.4
SEIR015_sl250_mr025_nv10_8,0.821,0.852,0.836,1,0.481,0.65
SEIR015_sl250_mr025_nv10_9,0.722,0.867,0.788,0.75,0.2,0.316
SEIR015_sl500_mr025_nv10_1,0.75,0.9,0.818,1,0.5,0.667
SEIR015_sl500_mr025_nv10_10,0.907,0.907,0.907,0.958,0.535,0.687
SEIR015_sl500_mr025_nv10_11,0.857,0.75,0.8,1,0.5,0.667
SEIR015_sl500_mr025_nv10_12,0.792,0.792,0.792,1,0.396,0.568
SEIR015_sl500_mr025_nv10_13,0.821,0.821,0.821,0.933,0.5,0.651
SEIR015_sl500_mr025_nv10_14,1,0.778,0.875,1,0.889,0.941
SEIR015_sl500_mr025_nv10_15,0.85,0.879,0.864,0.958,0.397,0.561
SEIR015_sl500_mr025_nv10_16,0.786,0.917,0.846,0.75,0.25,0.375
SEIR015_sl500_mr025_nv10_17,0.8,0.857,0.828,0.909,0.714,0.8
SEIR015_sl500_mr025_nv10_18,0.75,0.577,0.652,0.778,0.269,0.4
SEIR015_sl500_mr025_nv10_19,1,1,1,1,0.7,0.824
SEIR015_sl500_mr025_nv10_2,1,0.875,0.933,1,0.5,0.667
SEIR015_sl500_mr025_nv10_20,0.883,0.828,0.855,0.96,0.375,0.539
SEIR015_sl500_mr025_nv10_3,0.806,0.676,0.735,0.909,0.27,0.417
SEIR015_sl500_mr025_nv10_4,0.81,0.829,0.819,0.95,0.463,0.623
SEIR015_sl500_mr025_nv10_5,0.917,0.786,0.846,1,0.571,0.727
SEIR015_sl500_mr025_nv10_6,0.722,0.684,0.703,0.769,0.526,0.625
SEIR015_sl500_mr025_nv10_7,0.879,0.823,0.85,0.889,0.387,0.539
SEIR015_sl500_mr025_nv10_8,0.797,0.761,0.779,0.92,0.343,0.5
SEIR015_sl500_mr025_nv10_9,0.714,0.909,0.8,0.875,0.636,0.737
SEIR01_sl1000_mr0125_nv10_1,0.867,0.722,0.788,0.889,0.444,0.593
SEIR01_sl1000_mr0125_nv10_10,0.963,0.963,0.963,0.974,0.704,0.817
SEIR01_sl1000_mr0125_nv10_11,1,1,1,1,0.462,0.632
SEIR01_sl1000_mr0125_nv10_12,1,0.4,0.571,1,0.2,0.333
SEIR01_sl1000_mr0125_nv10_13,1,1,1,1,1,1
SEIR01_sl1000_mr0125_nv10_14,0.964,0.9,0.931,0.958,0.767,0.852
SEIR01_sl1000_mr0125_nv10_15,1,0.917,0.957,1,0.583,0.737
SEIR01_sl1000_mr0125_nv10_16,1,0.714,0.833,1,0.429,0.6
SEIR01_sl1000_mr0125_nv10_17,1,1,1,1,1,1
SEIR01_sl1000_mr0125_nv10_18,0.935,0.956,0.945,0.973,0.8,0.878
SEIR01_sl1000_mr0125_nv10_19,0.963,0.867,0.912,1,0.667,0.8
SEIR01_sl1000_mr0125_nv10_2,1,0.923,0.96,1,0.692,0.818
SEIR01_sl1000_mr0125_nv10_20,1,0.96,0.98,1,0.96,0.98
SEIR01_sl1000_mr0125_nv10_3,0.925,0.974,0.949,1,0.579,0.733
SEIR01_sl1000_mr0125_nv10_4,0.913,0.875,0.894,1,0.667,0.8
SEIR01_sl1000_mr0125_nv10_5,0.955,0.894,0.923,0.973,0.766,0.857
SEIR01_sl1000_mr0125_nv10_6,0.935,0.896,0.915,1,0.604,0.753
SEIR01_sl1000_mr0125_nv10_7,1,0.949,0.974,1,0.718,0.836
SEIR01_sl1000_mr0125_nv10_8,1,1,1,1,0.5,0.667
SEIR01_sl1000_mr0125_nv10_9,0.959,1,0.979,1,0.681,0.81
SEIR01_sl1000_mr025_nv10_1,0.962,0.893,0.926,0.938,0.536,0.682
SEIR01_sl1000_mr025_nv10_10,0.889,0.889,0.889,0.889,0.889,0.889
SEIR01_sl1000_mr025_nv10_11,0.919,0.971,0.944,0.962,0.714,0.82
SEIR01_sl1000_mr025_nv10_12,0.857,0.75,0.8,1,0.75,0.857
SEIR01_sl1000_mr025_nv10_13,0.947,0.9,0.923,0.875,0.35,0.5
SEIR01_sl1000_mr025_nv10_14,0.939,0.912,0.925,0.964,0.794,0.871
SEIR01_sl1000_mr025_nv10_15,1,1,1,1,0.8,0.889
SEIR01_sl1000_mr025_nv10_16,0.951,0.929,0.94,1,0.571,0.727
SEIR01_sl1000_mr025_nv10_17,0.884,0.844,0.864,1,0.644,0.784
SEIR01_sl1000_mr025_nv10_18,1,0.889,0.941,1,0.889,0.941
SEIR01_sl1000_mr025_nv10_19,0.879,0.864,0.872,0.973,0.61,0.75
SEIR01_sl1000_mr025_nv10_2,0.955,0.955,0.955,1,0.727,0.842
SEIR01_sl1000_mr025_nv10_20,1,1,1,1,0.824,0.903
SEIR01_sl1000_mr025_nv10_3,0.92,0.939,0.929,1,0.735,0.847
SEIR01_sl1000_mr025_nv10_4,0.98,0.962,0.971,1,0.673,0.805
SEIR01_sl1000_mr025_nv10_5,0.977,0.955,0.966,1,0.818,0.9
SEIR01_sl1000_mr025_nv10_6,1,0.857,0.923,1,0.857,0.923
SEIR01_sl1000_mr025_nv10_7,0.919,0.85,0.883,1,0.7,0.824
SEIR01_sl1000_mr025_nv10_8,0.917,0.815,0.863,1,0.778,0.875
SEIR01_sl1000_mr025_nv10_9,0.913,0.894,0.903,0.97,0.681,0.8
SEIR01_sl1000_mr025_nv20_1,0.865,1,0.928,1,0.719,0.836
SEIR01_sl1000_mr025_nv20_10,1,0.778,0.875,1,0.778,0.875
SEIR01_sl1000_mr025_nv20_11,1,0.8,0.889,1,1,1
SEIR01_sl1000_mr025_nv20_12,0.895,0.944,0.919,0.938,0.833,0.882
SEIR01_sl1000_mr025_nv20_13,0.879,0.879,0.879,1,0.776,0.874
SEIR01_sl1000_mr025_nv20_14,0.923,0.923,0.923,1,0.846,0.917
SEIR01_sl1000_mr025_nv20_15,0.955,0.913,0.933,0.947,0.783,0.857
SEIR01_sl1000_mr025_nv20_16,0.667,0.857,0.75,1,0.429,0.6
SEIR01_sl1000_mr025_nv20_17,0.917,0.88,0.898,0.95,0.76,0.844
SEIR01_sl1000_mr025_nv20_18,1,0.962,0.98,1,1,1
SEIR01_sl1000_mr025_nv20_19,1,1,1,1,0.962,0.981
SEIR01_sl1000_mr025_nv20_2,0.976,0.976,0.976,1,0.738,0.849
SEIR01_sl1000_mr025_nv20_20,0.931,0.871,0.9,0.947,0.581,0.72
SEIR01_sl1000_mr025_nv20_3,0.857,0.857,0.857,0.941,0.762,0.842
SEIR01_sl1000_mr025_nv20_4,1,0.875,0.933,1,1,1
SEIR01_sl1000_mr025_nv20_5,0.903,0.848,0.875,0.929,0.788,0.852
SEIR01_sl1000_mr025_nv20_6,1,1,1,1,1,1
SEIR01_sl1000_mr025_nv20_7,0.941,0.941,0.941,1,0.706,0.828
SEIR01_sl1000_mr025_nv20_8,1,0.8,0.889,1,1,1
SEIR01_sl1000_mr025_nv20_9,1,0.917,0.957,1,0.917,0.957
SEIR01_sl1000_mr025_nv5_1,0.872,0.829,0.85,1,0.634,0.776
SEIR01_sl1000_mr025_nv5_10,1,0.515,0.68,1,0.303,0.465
SEIR01_sl1000_mr025_nv5_11,0.882,0.789,0.833,1,0.526,0.69
SEIR01_sl1000_mr025_nv5_12,0.846,0.579,0.688,1,0.474,0.643
SEIR01_sl1000_mr025_nv5_13,1,0.75,0.857,1,0.833,0.909
SEIR01_sl1000_mr025_nv5_14,1,0.95,0.974,1,0.65,0.788
SEIR01_sl1000_mr025_nv5_15,0.926,0.926,0.926,1,0.556,0.714
SEIR01_sl1000_mr025_nv5_16,1,0.722,0.839,1,0.611,0.759
SEIR01_sl1000_mr025_nv5_17,1,0.818,0.9,1,0.818,0.9
SEIR01_sl1000_mr025_nv5_18,0.905,0.809,0.854,1,0.617,0.763
SEIR01_sl1000_mr025_nv5_19,0.982,0.966,0.974,1,0.724,0.84
SEIR01_sl1000_mr025_nv5_2,0.933,0.875,0.903,1,0.625,0.769
SEIR01_sl1000_mr025_nv5_20,0.95,0.792,0.864,0.923,0.5,0.649
SEIR01_sl1000_mr025_nv5_3,1,0.9,0.947,1,0.9,0.947
SEIR01_sl1000_mr025_nv5_4,0.854,0.82,0.837,1,0.62,0.765
SEIR01_sl1000_mr025_nv5_5,0.8,0.784,0.792,1,0.373,0.543
SEIR01_sl1000_mr025_nv5_6,1,1,1,1,0.75,0.857
SEIR01_sl1000_mr025_nv5_7,1,0.9,0.947,1,0.8,0.889
SEIR01_sl1000_mr025_nv5_8,0.955,0.913,0.933,1,0.565,0.722
SEIR01_sl1000_mr025_nv5_9,1,0.667,0.8,1,0.333,0.5
SEIR01_sl1000_mr05_nv10_1,1,0.846,0.917,1,0.692,0.818
SEIR01_sl1000_mr05_nv10_10,1,1,1,1,1,1
SEIR01_sl1000_mr05_nv10_11,0.871,0.844,0.857,0.957,0.688,0.8
SEIR01_sl1000_mr05_nv10_12,0.945,0.897,0.92,1,0.741,0.851
SEIR01_sl1000_mr05_nv10_13,1,0.875,0.933,1,0.5,0.667
SEIR01_sl1000_mr05_nv10_14,0.892,0.846,0.868,0.958,0.59,0.73
SEIR01_sl1000_mr05_nv10_15,0.933,0.875,0.903,1,0.875,0.933
SEIR01_sl1000_mr05_nv10_16,1,1,1,1,0.955,0.977
SEIR01_sl1000_mr05_nv10_17,0.957,1,0.978,1,0.636,0.778
SEIR01_sl1000_mr05_nv10_18,0.93,0.946,0.938,0.976,0.732,0.837
SEIR01_sl1000_mr05_nv10_19,0.833,0.714,0.769,0.75,0.429,0.545
SEIR01_sl1000_mr05_nv10_2,1,1,1,1,1,1
SEIR01_sl1000_mr05_nv10_20,0.961,0.942,0.951,1,0.712,0.831
SEIR01_sl1000_mr05_nv10_3,0.957,0.88,0.917,1,0.68,0.81
SEIR01_sl1000_mr05_nv10_4,0.9,0.818,0.857,0.889,0.727,0.8
SEIR01_sl1000_mr05_nv10_5,1,0.944,0.971,1,0.889,0.941
SEIR01_sl1000_mr05_nv10_6,0.925,0.925,0.925,0.96,0.6,0.738
SEIR01_sl1000_mr05_nv10_7,0.889,0.87,0.879,0.971,0.717,0.825
SEIR01_sl1000_mr05_nv10_8,1,1,1,1,1,1
SEIR01_sl1000_mr05_nv10_9,1,0.962,0.98,1,0.731,0.844
SEIR01_sl250_mr025_nv10_1,0.739,0.756,0.747,0.862,0.556,0.676
SEIR01_sl250_mr025_nv10_10,0.765,0.765,0.765,1,0.588,0.741
SEIR01_sl250_mr025_nv10_11,0.765,0.812,0.788,0.833,0.625,0.714
SEIR01_sl250_mr025_nv10_12,0.818,0.837,0.828,0.903,0.651,0.757
SEIR01_sl250_mr025_nv10_13,0.667,0.667,0.667,0.75,0.5,0.6
SEIR01_sl250_mr025_nv10_14,0.75,0.848,0.796,0.889,0.522,0.658
SEIR01_sl250_mr025_nv10_15,0.875,1,0.933,1,0.571,0.727
SEIR01_sl250_mr025_nv10_16,0.638,0.652,0.645,0.875,0.457,0.6
SEIR01_sl250_mr025_nv10_17,0.556,0.625,0.588,0.5,0.25,0.333
SEIR01_sl250_mr025_nv10_18,0.744,0.906,0.817,0.882,0.469,0.612
SEIR01_sl250_mr025_nv10_19,0.8,1,0.889,1,0.583,0.737
SEIR01_sl250_mr025_nv10_2,0.812,0.929,0.867,1,0.571,0.727
SEIR01_sl250_mr025_nv10_20,0.789,0.833,0.811,0.923,0.667,0.774
SEIR01_sl250_mr025_nv10_3,0.8,0.889,0.842,0.824,0.519,0.636
SEIR01_sl250_mr025_nv10_4,0.857,0.857,0.857,1,0.714,0.833
SEIR01_sl250_mr025_nv10_5,0.73,0.659,0.692,0.905,0.463,0.613
SEIR01_sl250_mr025_nv10_6,0.731,0.864,0.792,0.786,0.5,0.611
SEIR01_sl250_mr025_nv10_7,1,0.929,0.963,1,0.929,0.963
SEIR01_sl250_mr025_nv10_8,0.811,0.882,0.845,1,0.618,0.764
SEIR01_sl250_mr025_nv10_9,0.806,0.82,0.813,0.971,0.541,0.695
SEIR01_sl500_mr025_nv10_1,0.727,0.8,0.762,1,0.5,0.667
SEIR01_sl500_mr025_nv10_10,0.929,0.929,0.929,1,0.571,0.727
SEIR01_sl500_mr025_nv10_11,0.824,0.824,0.824,0.929,0.765,0.839
SEIR01_sl500_mr025_nv10_12,0.904,0.922,0.913,0.971,0.647,0.776
SEIR01_sl500_mr025_nv10_13,0.882,0.75,0.811,0.909,0.5,0.645
SEIR01_sl500_mr025_nv10_14,1,1,1,1,0.5,0.667
SEIR01_sl500_mr025_nv10_15,0.902,0.948,0.924,0.93,0.69,0.792
SEIR01_sl500_mr025_nv10_16,0.923,0.8,0.857,1,0.533,0.696
SEIR01_sl500_mr025_nv10_17,0.8,0.667,0.727,0.75,0.5,0.6
SEIR01_sl500_mr025_nv10_18,0.833,0.833,0.833,1,0.667,0.8
SEIR01_sl500_mr025_nv10_19,0.875,0.875,0.875,0.857,0.75,0.8
SEIR01_sl500_mr025_nv10_2,0.833,0.625,0.714,1,0.625,0.769
SEIR01_sl500_mr025_nv10_20,0.788,0.812,0.8,0.944,0.531,0.68
SEIR01_sl500_mr025_nv10_3,0.826,0.905,0.864,0.882,0.714,0.789
SEIR01_sl500_mr025_nv10_4,0.857,0.857,0.857,1,0.857,0.923
SEIR01_sl500_mr025_nv10_5,0.667,0.8,0.727,0.75,0.6,0.667
SEIR01_sl500_mr025_nv10_6,0.897,0.981,0.937,1,0.736,0.848
SEIR01_sl500_mr025_nv10_7,0.943,0.971,0.957,0.962,0.735,0.833
SEIR01_sl500_mr025_nv10_8,0.737,0.875,0.8,0.917,0.688,0.786
SEIR01_sl500_mr025_nv10_9,1,0.889,0.941,1,0.889,0.941
SIR003_sl1000_mr025_nv10_1,0.846,0.786,0.815,1,0.714,0.833
SIR003_sl1000_mr025_nv10_10,0.846,0.846,0.846,1,0.538,0.7
SIR003_sl1000_mr025_nv10_11,0.704,0.633,0.667,1,0.467,0.636
SIR003_sl1000_mr025_nv10_12,0.816,0.816,0.816,0.969,0.633,0.765
SIR003_sl1000_mr025_nv10_13,0.833,0.455,0.588,1,0.364,0.533
SIR003_sl1000_mr025_nv10_14,1,0.667,0.8,1,0.667,0.8
SIR003_sl1000_mr025_nv10_15,0.8,0.667,0.727,1,0.542,0.703
SIR003_sl1000_mr025_nv10_16,0.769,0.588,0.667,0.9,0.529,0.667
SIR003_sl1000_mr025_nv10_17,0.826,0.826,0.826,1,0.652,0.789
SIR003_sl1000_mr025_nv10_18,1,0.4,0.571,1,0.6,0.75
SIR003_sl1000_mr025_nv10_19,0.778,0.583,0.667,1,0.5,0.667
SIR003_sl1000_mr025_nv10_2,0.938,0.789,0.857,1,0.737,0.848
SIR003_sl1000_mr025_nv10_20,0.875,0.778,0.824,1,0.778,0.875
SIR003_sl1000_mr025_nv10_3,1,0.731,0.844,1,0.731,0.844
SIR003_sl1000_mr025_nv10_4,0.8,0.774,0.787,1,0.452,0.622
SIR003_sl1000_mr025_nv10_5,1,0.571,0.727,1,0.571,0.727
SIR003_sl1000_mr025_nv10_6,0.889,0.696,0.78,1,0.565,0.722
SIR003_sl1000_mr025_nv10_7,0.733,0.688,0.71,1,0.438,0.609
SIR003_sl1000_mr025_nv10_8,0.923,0.8,0.857,1,0.8,0.889
SIR003_sl1000_mr025_nv10_9,0.708,0.607,0.654,0.929,0.464,0.619
SIR003_sl1000_mr05_nv10_1,0.857,0.706,0.774,0.909,0.588,0.714
SIR003_sl1000_mr05_nv10_10,1,0.769,0.87,1,0.846,0.917
SIR003_sl1000_mr05_nv10_11,0.8,0.686,0.738,0.944,0.486,0.642
SIR003_sl1000_mr05_nv10_12,0.849,0.818,0.833,0.973,0.655,0.783
SIR003_sl1000_mr05_nv10_13,0.827,0.768,0.796,1,0.571,0.727
SIR003_sl1000_mr05_nv10_14,1,0.8,0.889,1,0.9,0.947
SIR003_sl1000_mr05_nv10_15,0.917,0.846,0.88,1,0.692,0.818
SIR003_sl1000_mr05_nv10_16,0.87,0.8,0.833,1,0.48,0.649
SIR003_sl1000_mr05_nv10_17,0.75,0.429,0.545,1,0.286,0.444
SIR003_sl1000_mr05_nv10_18,0.933,0.609,0.737,0.933,0.609,0.737
SIR003_sl1000_mr05_nv10_19,0.882,0.811,0.845,0.958,0.622,0.754
SIR003_sl1000_mr05_nv10_2,0.909,0.667,0.769,1,0.667,0.8
SIR003_sl1000_mr05_nv10_20,0.5,0.333,0.4,1,0.222,0.364
SIR003_sl1000_mr05_nv10_3,0.875,0.7,0.778,1,0.6,0.75
SIR003_sl1000_mr05_nv10_4,1,0.846,0.917,1,0.769,0.87
SIR003_sl1000_mr05_nv10_5,0.634,0.565,0.598,0.917,0.239,0.379
SIR003_sl1000_mr05_nv10_6,0.867,0.619,0.722,1,0.524,0.688
SIR003_sl1000_mr05_nv10_7,0.905,0.826,0.864,1,0.739,0.85
SIR003_sl1000_mr05_nv10_8,0.795,0.761,0.778,1,0.543,0.704
SIR003_sl1000_mr05_nv10_9,0.75,0.5,0.6,1,0.4,0.571
SIR003_sl1000_mr05_nv20_1,0.906,0.829,0.866,1,0.657,0.793
SIR003_sl1000_mr05_nv20_10,0.878,0.827,0.851,1,0.731,0.844
SIR003_sl1000_mr05_nv20_11,1,0.4,0.571,1,0.4,0.571
SIR003_sl1000_mr05_nv20_12,0.854,0.745,0.796,0.966,0.509,0.667
SIR003_sl1000_mr05_nv20_13,0.765,0.722,0.743,0.938,0.556,0.698
SIR003_sl1000_mr05_nv20_14,1,0.9,0.947,1,0.9,0.947
SIR003_sl1000_mr05_nv20_15,0.824,0.737,0.778,1,0.632,0.774
SIR003_sl1000_mr05_nv20_16,0.8,0.744,0.771,0.966,0.651,0.778
SIR003_sl1000_mr05_nv20_17,0.725,0.74,0.733,1,0.58,0.734
SIR003_sl1000_mr05_nv20_18,0.818,0.711,0.761,1,0.579,0.733
SIR003_sl1000_mr05_nv20_19,0.778,0.757,0.767,1,0.514,0.679
SIR003_sl1000_mr05_nv20_2,0.857,0.735,0.791,1,0.531,0.693
SIR003_sl1000_mr05_nv20_20,0.833,0.714,0.769,1,0.714,0.833
SIR003_sl1000_mr05_nv20_3,1,0.692,0.818,1,0.615,0.762
SIR003_sl1000_mr05_nv20_4,0.903,0.875,0.889,1,0.5,0.667
SIR003_sl1000_mr05_nv20_5,0.947,0.75,0.837,1,0.667,0.8
SIR003_sl1000_mr05_nv20_6,0.846,0.786,0.815,1,0.786,0.88
SIR003_sl1000_mr05_nv20_7,0.769,0.833,0.8,1,0.5,0.667
SIR003_sl1000_mr05_nv20_8,0.75,0.667,0.706,1,0.481,0.65
SIR003_sl1000_mr05_nv20_9,0.846,0.825,0.835,0.931,0.675,0.783
SIR003_sl1000_mr05_nv5_1,0.727,0.686,0.706,1,0.429,0.6
SIR003_sl1000_mr05_nv5_10,0.838,0.756,0.795,1,0.512,0.677
SIR003_sl1000_mr05_nv5_11,0.771,0.597,0.673,1,0.355,0.524
SIR003_sl1000_mr05_nv5_12,1,0.833,0.909,1,0.833,0.909
SIR003_sl1000_mr05_nv5_13,0.875,0.636,0.737,1,0.364,0.533
SIR003_sl1000_mr05_nv5_14,0.818,0.621,0.706,1,0.517,0.682
SIR003_sl1000_mr05_nv5_15,0.885,0.742,0.807,1,0.5,0.667
SIR003_sl1000_mr05_nv5_16,0.667,0.333,0.444,1,0.333,0.5
SIR003_sl1000_mr05_nv5_17,0.722,0.542,0.619,1,0.333,0.5
SIR003_sl1000_mr05_nv5_18,0.818,0.562,0.667,1,0.375,0.545
SIR003_sl1000_mr05_nv5_19,0.654,0.5,0.567,1,0.294,0.455
SIR003_sl1000_mr05_nv5_2,0.75,0.5,0.6,1,0.667,0.8
SIR003_sl1000_mr05_nv5_20,0.778,0.538,0.636,1,0.308,0.471
SIR003_sl1000_mr05_nv5_3,0.8,0.5,0.615,1,0.375,0.545
SIR003_sl1000_mr05_nv5_4,1,0.786,0.88,1,0.786,0.88
SIR003_sl1000_mr05_nv5_5,1,0.727,0.842,1,0.455,0.625
SIR003_sl1000_mr05_nv5_6,0.625,0.455,0.526,1,0.273,0.429
SIR003_sl1000_mr05_nv5_7,0.627,0.568,0.596,1,0.378,0.549
SIR003_sl1000_mr05_nv5_8,0.812,0.52,0.634,1,0.32,0.485
SIR003_sl1000_mr05_nv5_9,0.941,0.667,0.78,1,0.417,0.588
SIR003_sl1000_mr1_nv10_1,0.812,0.765,0.788,1,0.647,0.786
SIR003_sl1000_mr1_nv10_10,0.8,0.727,0.762,0.857,0.545,0.667
SIR003_sl1000_mr1_nv10_11,0.875,0.7,0.778,1,0.6,0.75
SIR003_sl1000_mr1_nv10_12,0.773,0.63,0.694,1,0.519,0.683
SIR003_sl1000_mr1_nv10_13,0.667,0.667,0.667,0.75,0.5,0.6
SIR003_sl1000_mr1_nv10_14,0.788,0.722,0.754,0.952,0.556,0.702
SIR003_sl1000_mr1_nv10_15,0.727,0.727,0.727,0.857,0.545,0.667
SIR003_sl1000_mr1_nv10_16,0.833,0.5,0.625,0.833,0.5,0.625
SIR003_sl1000_mr1_nv10_17,0.913,0.656,0.764,1,0.531,0.694
SIR003_sl1000_mr1_nv10_18,0.792,0.576,0.667,1,0.515,0.68
SIR003_sl1000_mr1_nv10_19,0.732,0.641,0.683,1,0.438,0.609
SIR003_sl1000_mr1_nv10_2,0.754,0.73,0.742,0.933,0.444,0.602
SIR003_sl1000_mr1_nv10_20,0.806,0.783,0.794,1,0.464,0.634
SIR003_sl1000_mr1_nv10_3,0.818,0.783,0.8,1,0.696,0.821
SIR003_sl1000_mr1_nv10_4,0.857,0.828,0.842,1,0.69,0.816
SIR003_sl1000_mr1_nv10_5,1,0.556,0.714,1,0.556,0.714
SIR003_sl1000_mr1_nv10_6,0.769,0.667,0.714,1,0.567,0.723
SIR003_sl1000_mr1_nv10_7,0.75,0.75,0.75,1,0.625,0.769
SIR003_sl1000_mr1_nv10_8,0.774,0.686,0.727,1,0.629,0.772
SIR003_sl1000_mr1_nv10_9,1,0.667,0.8,1,0.667,0.8
SIR003_sl250_mr05_nv10_1,0.742,0.719,0.73,0.95,0.594,0.731
SIR003_sl250_mr05_nv10_10,0.722,0.684,0.703,0.778,0.368,0.5
SIR003_sl250_mr05_nv10_11,0.778,0.583,0.667,0.8,0.333,0.471
SIR003_sl250_mr05_nv10_12,0.857,0.923,0.889,0.833,0.385,0.526
SIR003_sl250_mr05_nv10_13,0.4,0.286,0.333,0,0,0
SIR003_sl250_mr05_nv10_14,0.857,0.75,0.8,0.857,0.75,0.8
SIR003_sl250_mr05_nv10_15,1,0.875,0.933,1,0.625,0.769
SIR003_sl250_mr05_nv10_16,0.818,0.818,0.818,0.833,0.455,0.588
SIR003_sl250_mr05_nv10_17,0.822,0.822,0.822,0.905,0.422,0.576
SIR003_sl250_mr05_nv10_18,0.773,0.63,0.694,0.909,0.37,0.526
SIR003_sl250_mr05_nv10_19,0.583,0.28,0.378,0.8,0.16,0.267
SIR003_sl250_mr05_nv10_2,0.733,0.786,0.759,0.875,0.5,0.636
SIR003_sl250_mr05_nv10_20,0.743,0.634,0.684,0.737,0.341,0.467
SIR003_sl250_mr05_nv10_3,0.947,0.818,0.878,1,0.545,0.706
SIR003_sl250_mr05_nv10_4,0.833,0.833,0.833,1,0.75,0.857
SIR003_sl250_mr05_nv10_5,0.762,0.727,0.744,0.833,0.455,0.588
SIR003_sl250_mr05_nv10_6,0.929,0.788,0.852,1,0.515,0.68
SIR003_sl250_mr05_nv10_7,0.684,0.565,0.619,0.8,0.261,0.393
SIR003_sl250_mr05_nv10_8,0.75,0.706,0.727,1,0.471,0.64
SIR003_sl250_mr05_nv10_9,0.875,0.778,0.824,1,0.444,0.615
SIR003_sl500_mr05_nv10_1,1,0.857,0.923,1,0.714,0.833
SIR003_sl500_mr05_nv10_10,0.727,0.615,0.667,1,0.308,0.471
SIR003_sl500_mr05_nv10_11,1,0.333,0.5,1,0.333,0.5
SIR003_sl500_mr05_nv10_12,0.692,0.692,0.692,0.923,0.462,0.615
SIR003_sl500_mr05_nv10_13,0.795,0.729,0.761,0.963,0.542,0.693
SIR003_sl500_mr05_nv10_14,0.815,0.667,0.733,0.941,0.485,0.64
SIR003_sl500_mr05_nv10_15,0.882,0.789,0.833,1,0.684,0.813
SIR003_sl500_mr05_nv10_16,0.75,0.75,0.75,1,0.333,0.5
SIR003_sl500_mr05_nv10_17,0.875,0.7,0.778,1,0.7,0.824
SIR003_sl500_mr05_nv10_18,0.929,1,0.963,1,0.462,0.632
SIR003_sl500_mr05_nv10_19,0.8,0.733,0.765,0.895,0.567,0.694
SIR003_sl500_mr05_nv10_2,0.879,0.853,0.866,1,0.647,0.786
SIR003_sl500_mr05_nv10_20,1,0.75,0.857,1,0.5,0.667
SIR003_sl500_mr05_nv10_3,0.821,0.793,0.807,1,0.621,0.766
SIR003_sl500_mr05_nv10_4,0.947,0.692,0.8,1,0.577,0.732
SIR003_sl500_mr05_nv10_5,1,0.9,0.947,1,0.5,0.667
SIR003_sl500_mr05_nv10_6,0.696,0.762,0.727,0.875,0.333,0.483
SIR003_sl500_mr05_nv10_7,0.933,0.778,0.848,1,0.444,0.615
SIR003_sl500_mr05_nv10_8,0.733,0.733,0.733,0.889,0.533,0.667
SIR003_sl500_mr05_nv10_9,0.8,0.571,0.667,1,0.571,0.727
SIR01_sl1000_mr075_nv10_1,0.878,0.754,0.811,1,0.596,0.747
SIR01_sl1000_mr075_nv10_10,1,0.875,0.933,1,0.75,0.857
SIR01_sl1000_mr075_nv10_11,1,0.714,0.833,1,0.857,0.923
SIR01_sl1000_mr075_nv10_12,0.95,0.633,0.76,1,0.767,0.868
SIR01_sl1000_mr075_nv10_13,0.667,0.571,0.615,1,0.357,0.526
SIR01_sl1000_mr075_nv10_14,1,0.571,0.727,1,0.714,0.833
SIR01_sl1000_mr075_nv10_15,1,0.667,0.8,1,0.667,0.8
SIR01_sl1000_mr075_nv10_16,0.929,0.722,0.813,1,0.778,0.875
SIR01_sl1000_mr075_nv10_17,0.843,0.606,0.705,1,0.451,0.621
SIR01_sl1000_mr075_nv10_18,0.909,0.909,0.909,1,0.727,0.842
SIR01_sl1000_mr075_nv10_19,0.571,0.364,0.444,1,0.273,0.429
SIR01_sl1000_mr075_nv10_2,1,0.545,0.706,1,0.727,0.842
SIR01_sl1000_mr075_nv10_20,0.733,0.733,0.733,1,0.6,0.75
SIR01_sl1000_mr075_nv10_3,0.625,0.455,0.526,1,0.364,0.533
SIR01_sl1000_mr075_nv10_4,0.839,0.684,0.754,1,0.5,0.667
SIR01_sl1000_mr075_nv10_5,0.895,0.797,0.843,0.976,0.625,0.762
SIR01_sl1000_mr075_nv10_6,0.75,0.375,0.5,1,0.75,0.857
SIR01_sl1000_mr075_nv10_7,0.917,0.917,0.917,1,0.625,0.769
SIR01_sl1000_mr075_nv10_8,0.917,0.688,0.786,1,0.562,0.72
SIR01_sl1000_mr075_nv10_9,0.773,0.63,0.694,1,0.519,0.683
SIR01_sl1000_mr15_nv10_1,0.864,0.603,0.71,1,0.413,0.584
SIR01_sl1000_mr15_nv10_10,0.75,0.656,0.7,1,0.469,0.638
SIR01_sl1000_mr15_nv10_11,1,0.5,0.667,1,0.583,0.737
SIR01_sl1000_mr15_nv10_12,0.765,0.542,0.634,1,0.417,0.588
SIR01_sl1000_mr15_nv10_13,1,0.588,0.741,1,0.529,0.692
SIR01_sl1000_mr15_nv10_14,1,1,1,1,0.5,0.667
SIR01_sl1000_mr15_nv10_15,0.706,0.632,0.667,1,0.211,0.348
SIR01_sl1000_mr15_nv10_16,1,0.714,0.833,1,0.857,0.923
SIR01_sl1000_mr15_nv10_17,0.933,0.7,0.8,0.917,0.55,0.687
SIR01_sl1000_mr15_nv10_18,0.823,0.739,0.779,1,0.58,0.734
SIR01_sl1000_mr15_nv10_19,1,0.667,0.8,0.889,0.889,0.889
SIR01_sl1000_mr15_nv10_2,0.909,0.769,0.833,1,0.615,0.762
SIR01_sl1000_mr15_nv10_20,0.889,0.889,0.889,0.889,0.889,0.889
SIR01_sl1000_mr15_nv10_3,0.906,0.814,0.857,1,0.61,0.758
SIR01_sl1000_mr15_nv10_4,0.8,0.5,0.615,0.8,0.5,0.615
SIR01_sl1000_mr15_nv10_5,1,0.8,0.889,1,0.7,0.824
SIR01_sl1000_mr15_nv10_6,1,0.714,0.833,1,0.429,0.6
SIR01_sl1000_mr15_nv10_7,0.8,0.72,0.758,1,0.52,0.684
SIR01_sl1000_mr15_nv10_8,1,0.6,0.75,1,0.6,0.75
SIR01_sl1000_mr15_nv10_9,0.786,0.524,0.629,0.889,0.381,0.533
SIR01_sl1000_mr15_nv20_1,0.833,0.781,0.806,0.952,0.625,0.755
SIR01_sl1000_mr15_nv20_10,0.818,0.692,0.75,1,0.615,0.762
SIR01_sl1000_mr15_nv20_11,0.877,0.847,0.862,0.976,0.695,0.812
SIR01_sl1000_mr15_nv20_12,0.818,0.6,0.692,1,0.467,0.636
SIR01_sl1000_mr15_nv20_13,1,0.667,0.8,1,1,1
SIR01_sl1000_mr15_nv20_14,0.75,0.6,0.667,1,0.4,0.571
SIR01_sl1000_mr15_nv20_15,0.75,0.429,0.545,0.857,0.429,0.571
SIR01_sl1000_mr15_nv20_16,0.9,0.857,0.878,1,0.619,0.765
SIR01_sl1000_mr15_nv20_17,0.917,0.786,0.846,1,0.643,0.783
SIR01_sl1000_mr15_nv20_18,1,0.867,0.929,1,0.733,0.846
SIR01_sl1000_mr15_nv20_19,0.955,0.824,0.884,1,0.784,0.879
SIR01_sl1000_mr15_nv20_2,1,0.4,0.571,1,0.5,0.667
SIR01_sl1000_mr15_nv20_20,0.909,0.714,0.8,1,0.643,0.783
SIR01_sl1000_mr15_nv20_3,1,0.4,0.571,1,0.4,0.571
SIR01_sl1000_mr15_nv20_4,0.855,0.768,0.809,1,0.551,0.71
SIR01_sl1000_mr15_nv20_5,0.778,0.7,0.737,1,0.7,0.824
SIR01_sl1000_mr15_nv20_6,0.857,0.75,0.8,1,0.875,0.933
SIR01_sl1000_mr15_nv20_7,1,0.786,0.88,1,0.607,0.756
SIR01_sl1000_mr15_nv20_8,0.93,0.833,0.879,0.969,0.646,0.775
SIR01_sl1000_mr15_nv20_9,0.955,0.808,0.875,0.941,0.615,0.744
SIR01_sl1000_mr15_nv5_1,0.857,0.643,0.735,1,0.393,0.564
SIR01_sl1000_mr15_nv5_10,1,0.727,0.842,1,0.727,0.842
SIR01_sl1000_mr15_nv5_11,0.75,0.333,0.462,1,0.444,0.615
SIR01_sl1000_mr15_nv5_12,0.765,0.565,0.65,0.8,0.348,0.485
SIR01_sl1000_mr15_nv5_13,0.833,0.625,0.714,0.929,0.812,0.867
SIR01_sl1000_mr15_nv5_14,0.75,0.682,0.714,1,0.409,0.581
SIR01_sl1000_mr15_nv5_15,0.756,0.689,0.721,1,0.422,0.594
SIR01_sl1000_mr15_nv5_16,0.857,0.667,0.75,0.667,0.222,0.333
SIR01_sl1000_mr15_nv5_17,1,0.875,0.933,1,1,1
SIR01_sl1000_mr15_nv5_18,0.714,0.556,0.625,1,0.667,0.8
SIR01_sl1000_mr15_nv5_19,0.684,0.619,0.65,1,0.429,0.6
SIR01_sl1000_mr15_nv5_2,0.75,0.686,0.716,1,0.343,0.511
SIR01_sl1000_mr15_nv5_20,0.929,0.765,0.839,1,0.588,0.741
SIR01_sl1000_mr15_nv5_3,0.667,0.444,0.533,1,0.444,0.615
SIR01_sl1000_mr15_nv5_4,0.867,0.52,0.65,1,0.32,0.485
SIR01_sl1000_mr15_nv5_5,0.75,0.545,0.632,1,0.273,0.429
SIR01_sl1000_mr15_nv5_6,0.824,0.609,0.7,1,0.522,0.686
SIR01_sl1000_mr15_nv5_7,1,0.5,0.667,1,0.375,0.545
SIR01_sl1000_mr15_nv5_8,1,0.25,0.4,1,0.375,0.545
SIR01_sl1000_mr15_nv5_9,0.789,0.638,0.706,0.955,0.447,0.609
SIR01_sl1000_mr3_nv10_1,0.759,0.733,0.746,1,0.533,0.696
SIR01_sl1000_mr3_nv10_10,1,0.667,0.8,1,0.667,0.8
SIR01_sl1000_mr3_nv10_11,0.93,0.702,0.8,1,0.439,0.61
SIR01_sl1000_mr3_nv10_12,0.929,0.765,0.839,0.95,0.559,0.704
SIR01_sl1000_mr3_nv10_13,0.806,0.694,0.746,1,0.528,0.691
SIR01_sl1000_mr3_nv10_14,0.926,0.893,0.909,1,0.536,0.698
SIR01_sl1000_mr3_nv10_15,1,0.444,0.615,1,0.556,0.714
SIR01_sl1000_mr3_nv10_16,0.926,0.781,0.847,0.952,0.625,0.755
SIR01_sl1000_mr3_nv10_17,1,0.7,0.824,1,0.6,0.75
SIR01_sl1000_mr3_nv10_18,0.9,0.75,0.818,1,0.667,0.8
SIR01_sl1000_mr3_nv10_19,0.571,0.533,0.552,1,0.333,0.5
SIR01_sl1000_mr3_nv10_2,0.778,0.778,0.778,1,0.444,0.615
SIR01_sl1000_mr3_nv10_20,0.75,0.75,0.75,1,0.5,0.667
SIR01_sl1000_mr3_nv10_3,0.8,0.8,0.8,1,0.5,0.667
SIR01_sl1000_mr3_nv10_4,1,0.5,0.667,1,0.583,0.737
SIR01_sl1000_mr3_nv10_5,0.864,0.679,0.76,0.933,0.5,0.651
SIR01_sl1000_mr3_nv10_6,0.648,0.648,0.648,1,0.481,0.65
SIR01_sl1000_mr3_nv10_7,0.714,0.652,0.682,1,0.435,0.606
SIR01_sl1000_mr3_nv10_8,1,0.6,0.75,1,0.6,0.75
SIR01_sl1000_mr3_nv10_9,0.895,0.586,0.708,1,0.517,0.682
SIR01_sl250_mr15_nv10_1,0.812,0.765,0.788,1,0.471,0.64
SIR01_sl250_mr15_nv10_10,0.804,0.804,0.804,0.966,0.5,0.659
SIR01_sl250_mr15_nv10_11,0.778,0.583,0.667,1,0.375,0.545
SIR01_sl250_mr15_nv10_12,0.889,0.842,0.865,0.889,0.421,0.571
SIR01_sl250_mr15_nv10_13,0.688,0.846,0.759,0.75,0.231,0.353
SIR01_sl250_mr15_nv10_14,0.812,0.867,0.839,1,0.333,0.5
SIR01_sl250_mr15_nv10_15,0.857,0.75,0.8,0.8,0.5,0.615
SIR01_sl250_mr15_nv10_16,0.909,0.87,0.889,1,0.348,0.516
SIR01_sl250_mr15_nv10_17,1,1,1,1,0.857,0.923
SIR01_sl250_mr15_nv10_18,0.7,0.7,0.7,0.889,0.4,0.552
SIR01_sl250_mr15_nv10_19,0.875,1,0.933,1,0.714,0.833
SIR01_sl250_mr15_nv10_2,0.778,0.778,0.778,0.8,0.444,0.571
SIR01_sl250_mr15_nv10_20,0.857,0.857,0.857,1,0.143,0.25
SIR01_sl250_mr15_nv10_3,0.867,0.929,0.897,1,0.214,0.353
SIR01_sl250_mr15_nv10_4,0.769,0.833,0.8,1,0.417,0.588
SIR01_sl250_mr15_nv10_5,0.889,0.889,0.889,1,0.444,0.615
SIR01_sl250_mr15_nv10_6,0.697,0.535,0.605,0.818,0.209,0.333
SIR01_sl250_mr15_nv10_7,0.794,0.659,0.72,0.938,0.366,0.526
SIR01_sl250_mr15_nv10_8,0.8,0.889,0.842,0.8,0.444,0.571
SIR01_sl250_mr15_nv10_9,0.6,0.6,0.6,0.571,0.4,0.471
SIR01_sl500_mr15_nv10_1,1,0.6,0.75,1,0.4,0.571
SIR01_sl500_mr15_nv10_10,0.625,0.385,0.476,0.8,0.308,0.444
SIR01_sl500_mr15_nv10_11,0.875,0.824,0.848,1,0.529,0.692
SIR01_sl500_mr15_nv10_12,0.75,0.5,0.6,1,0.167,0.286
SIR01_sl500_mr15_nv10_13,0.857,0.857,0.857,1,0.429,0.6
SIR01_sl500_mr15_nv10_14,0.727,0.615,0.667,0.938,0.385,0.545
SIR01_sl500_mr15_nv10_15,0.821,0.767,0.793,1,0.467,0.636
SIR01_sl500_mr15_nv10_16,0.889,0.8,0.842,1,0.8,0.889
SIR01_sl500_mr15_nv10_17,0.917,0.846,0.88,0.875,0.538,0.667
SIR01_sl500_mr15_nv10_18,0.895,0.68,0.773,1,0.44,0.611
SIR01_sl500_mr15_nv10_19,0.864,0.704,0.776,1,0.556,0.714
SIR01_sl500_mr15_nv10_2,0.864,0.905,0.884,1,0.524,0.688
SIR01_sl500_mr15_nv10_20,0.95,0.76,0.844,1,0.52,0.684
SIR01_sl500_mr15_nv10_3,0.889,0.842,0.865,1,0.579,0.733
SIR01_sl500_mr15_nv10_4,0.841,0.755,0.796,1,0.469,0.639
SIR01_sl500_mr15_nv10_5,0.851,0.769,0.808,1,0.442,0.613
SIR01_sl500_mr15_nv10_6,1,0.828,0.906,1,0.724,0.84
SIR01_sl500_mr15_nv10_7,1,1,1,1,0.429,0.6
SIR01_sl500_mr15_nv10_8,1,0.375,0.545,1,0.375,0.545
SIR01_sl500_mr15_nv10_9,0.88,0.772,0.822,1,0.561,0.719
,0.856344642857144,0.758619642857143,0.79713392857143,0.957225,0.538253571428571,0.671251785714287
