dataset,prec_50,rec_50,f1_50,prec_60,rec_60,f1_60,prec_70,rec_70,f1_70,prec_80,rec_80,f1_80,prec_90,rec_90,f1_90,prec_100,rec_100,f1_100
SEIR015_sl1000_mr0125_nv10_1,0.897,0.712,0.794,0.94,0.644,0.764,0.927,0.521,0.667,0.941,0.438,0.598,0.935,0.397,0.558,0.935,0.397,0.558
SEIR015_sl1000_mr0125_nv10_10,0.867,0.684,0.765,0.867,0.684,0.765,0.867,0.684,0.765,0.846,0.579,0.688,0.909,0.526,0.667,0.909,0.526,0.667
SEIR015_sl1000_mr0125_nv10_11,0.818,0.692,0.75,0.818,0.692,0.75,0.778,0.538,0.636,0.833,0.385,0.526,0.833,0.385,0.526,0.833,0.385,0.526
SEIR015_sl1000_mr0125_nv10_12,0.833,0.714,0.769,0.818,0.643,0.72,0.8,0.286,0.421,0.8,0.286,0.421,0.8,0.286,0.421,0.8,0.286,0.421
SEIR015_sl1000_mr0125_nv10_13,0.976,0.8,0.879,0.974,0.76,0.854,0.974,0.74,0.841,0.966,0.56,0.709,0.966,0.56,0.709,0.966,0.56,0.709
SEIR015_sl1000_mr0125_nv10_14,0.83,0.846,0.838,0.846,0.846,0.846,0.884,0.731,0.8,0.889,0.615,0.727,0.909,0.577,0.706,0.906,0.558,0.69
SEIR015_sl1000_mr0125_nv10_15,0.893,0.556,0.685,0.889,0.533,0.667,0.842,0.356,0.5,0.8,0.267,0.4,0.8,0.267,0.4,0.8,0.267,0.4
SEIR015_sl1000_mr0125_nv10_16,0.699,0.81,0.75,0.742,0.778,0.76,0.772,0.698,0.733,0.774,0.651,0.707,0.774,0.651,0.707,0.774,0.651,0.707
SEIR015_sl1000_mr0125_nv10_17,0.704,0.731,0.717,0.704,0.731,0.717,0.692,0.692,0.692,0.652,0.577,0.612,0.682,0.577,0.625,0.682,0.577,0.625
SEIR015_sl1000_mr0125_nv10_18,0.636,0.7,0.667,0.778,0.7,0.737,0.714,0.5,0.588,0.714,0.5,0.588,0.714,0.5,0.588,0.714,0.5,0.588
SEIR015_sl1000_mr0125_nv10_19,0.762,0.516,0.615,0.762,0.516,0.615,0.8,0.516,0.627,0.833,0.484,0.612,0.882,0.484,0.625,0.882,0.484,0.625
SEIR015_sl1000_mr0125_nv10_2,0.909,0.625,0.741,0.909,0.625,0.741,0.909,0.625,0.741,0.9,0.562,0.692,0.9,0.562,0.692,0.9,0.562,0.692
SEIR015_sl1000_mr0125_nv10_20,0.923,0.878,0.9,0.946,0.854,0.897,0.931,0.659,0.771,0.929,0.634,0.754,0.923,0.585,0.716,0.923,0.585,0.716
SEIR015_sl1000_mr0125_nv10_3,0.7,0.778,0.737,0.778,0.778,0.778,0.714,0.556,0.625,0.714,0.556,0.625,0.714,0.556,0.625,0.714,0.556,0.625
SEIR015_sl1000_mr0125_nv10_4,0.8,0.8,0.8,0.8,0.8,0.8,0.875,0.7,0.778,1,0.6,0.75,1,0.6,0.75,1,0.6,0.75
SEIR015_sl1000_mr0125_nv10_5,0.773,0.333,0.466,0.762,0.314,0.444,0.75,0.294,0.423,0.722,0.255,0.377,0.688,0.216,0.328,0.688,0.216,0.328
SEIR015_sl1000_mr0125_nv10_6,0.808,0.6,0.689,0.808,0.6,0.689,0.818,0.514,0.632,0.889,0.457,0.604,0.867,0.371,0.52,0.867,0.371,0.52
SEIR015_sl1000_mr0125_nv10_7,0.82,0.735,0.775,0.857,0.706,0.774,0.844,0.559,0.673,0.842,0.471,0.604,0.886,0.456,0.602,0.886,0.456,0.602
SEIR015_sl1000_mr0125_nv10_8,0.706,0.667,0.686,0.714,0.556,0.625,0.7,0.389,0.5,1,0.333,0.5,1,0.278,0.435,1,0.278,0.435
SEIR015_sl1000_mr0125_nv10_9,0.467,0.333,0.389,0.538,0.333,0.412,0.5,0.238,0.323,0.714,0.238,0.357,0.714,0.238,0.357,0.833,0.238,0.37
SEIR015_sl1000_mr025_nv10_1,0.8,0.8,0.8,0.889,0.8,0.842,0.889,0.8,0.842,0.889,0.8,0.842,0.889,0.8,0.842,0.889,0.8,0.842
SEIR015_sl1000_mr025_nv10_10,0.8,0.364,0.5,0.8,0.364,0.5,0.8,0.364,0.5,0.75,0.273,0.4,0.75,0.273,0.4,0.75,0.273,0.4
SEIR015_sl1000_mr025_nv10_11,0.857,0.75,0.8,0.905,0.679,0.776,0.889,0.571,0.696,0.923,0.429,0.585,0.923,0.429,0.585,0.923,0.429,0.585
SEIR015_sl1000_mr025_nv10_12,0.9,0.9,0.9,0.889,0.8,0.842,0.875,0.7,0.778,0.833,0.5,0.625,0.833,0.5,0.625,0.833,0.5,0.625
SEIR015_sl1000_mr025_nv10_13,0.308,0.4,0.348,0.333,0.4,0.364,0.3,0.3,0.3,0.25,0.2,0.222,0.25,0.2,0.222,0.25,0.2,0.222
SEIR015_sl1000_mr025_nv10_14,0.731,0.76,0.745,0.72,0.72,0.72,0.75,0.6,0.667,0.846,0.44,0.579,0.833,0.4,0.541,0.833,0.4,0.541
SEIR015_sl1000_mr025_nv10_15,0.565,0.448,0.5,0.585,0.414,0.485,0.559,0.328,0.413,0.567,0.293,0.386,0.586,0.293,0.391,0.607,0.293,0.395
SEIR015_sl1000_mr025_nv10_16,0.786,0.786,0.786,0.833,0.714,0.769,0.818,0.643,0.72,0.8,0.571,0.667,0.8,0.571,0.667,0.8,0.571,0.667
SEIR015_sl1000_mr025_nv10_17,0.812,0.684,0.743,0.839,0.684,0.754,0.852,0.605,0.708,0.8,0.421,0.552,0.789,0.395,0.526,0.789,0.395,0.526
SEIR015_sl1000_mr025_nv10_18,0.743,0.703,0.722,0.774,0.649,0.706,0.84,0.568,0.677,0.944,0.459,0.618,0.944,0.459,0.618,0.944,0.459,0.618
SEIR015_sl1000_mr025_nv10_19,0.882,0.789,0.833,0.938,0.789,0.857,0.923,0.632,0.75,0.9,0.474,0.621,0.9,0.474,0.621,0.9,0.474,0.621
SEIR015_sl1000_mr025_nv10_2,0.854,0.625,0.722,0.919,0.607,0.731,0.893,0.446,0.595,0.875,0.375,0.525,0.87,0.357,0.506,0.909,0.357,0.513
SEIR015_sl1000_mr025_nv10_20,0.625,0.625,0.625,0.667,0.5,0.571,0.667,0.5,0.571,0.8,0.5,0.615,0.8,0.5,0.615,0.8,0.5,0.615
SEIR015_sl1000_mr025_nv10_3,0.894,0.913,0.903,0.909,0.87,0.889,0.923,0.783,0.847,0.938,0.652,0.769,1,0.63,0.773,1,0.609,0.757
SEIR015_sl1000_mr025_nv10_4,0.895,0.773,0.829,0.889,0.727,0.8,0.867,0.591,0.703,0.87,0.455,0.597,0.864,0.432,0.576,0.864,0.432,0.576
SEIR015_sl1000_mr025_nv10_5,0.844,0.792,0.817,0.949,0.771,0.851,0.939,0.646,0.765,0.963,0.542,0.693,0.96,0.5,0.658,0.958,0.479,0.639
SEIR015_sl1000_mr025_nv10_6,0.947,0.783,0.857,0.944,0.739,0.829,0.933,0.609,0.737,0.958,0.5,0.657,0.958,0.5,0.657,0.958,0.5,0.657
SEIR015_sl1000_mr025_nv10_7,0.889,0.889,0.889,0.889,0.889,0.889,0.875,0.778,0.824,0.857,0.667,0.75,0.857,0.667,0.75,0.857,0.667,0.75
SEIR015_sl1000_mr025_nv10_8,0.941,0.8,0.865,1,0.75,0.857,1,0.7,0.824,1,0.65,0.788,1,0.65,0.788,1,0.65,0.788
SEIR015_sl1000_mr025_nv10_9,0.942,0.875,0.907,0.959,0.839,0.895,0.947,0.643,0.766,0.969,0.554,0.705,0.968,0.536,0.69,0.968,0.536,0.69
SEIR015_sl1000_mr025_nv20_1,0.588,0.667,0.625,0.667,0.533,0.593,0.636,0.467,0.538,0.833,0.333,0.476,0.833,0.333,0.476,0.833,0.333,0.476
SEIR015_sl1000_mr025_nv20_10,0.583,0.778,0.667,0.6,0.667,0.632,0.5,0.333,0.4,0.6,0.333,0.429,0.6,0.333,0.429,0.6,0.333,0.429
SEIR015_sl1000_mr025_nv20_11,0.833,0.769,0.8,0.833,0.769,0.8,0.818,0.692,0.75,0.8,0.615,0.696,0.8,0.615,0.696,0.8,0.615,0.696
SEIR015_sl1000_mr025_nv20_12,0.542,0.65,0.591,0.571,0.6,0.585,0.6,0.6,0.6,0.611,0.55,0.579,0.733,0.55,0.629,0.733,0.55,0.629
SEIR015_sl1000_mr025_nv20_13,0.667,0.889,0.762,0.727,0.889,0.8,0.727,0.889,0.8,0.727,0.889,0.8,0.778,0.778,0.778,0.778,0.778,0.778
SEIR015_sl1000_mr025_nv20_14,0.889,0.727,0.8,0.889,0.727,0.8,0.857,0.545,0.667,0.833,0.455,0.588,0.8,0.364,0.5,0.8,0.364,0.5
SEIR015_sl1000_mr025_nv20_15,0.621,0.75,0.679,0.643,0.75,0.692,0.667,0.667,0.667,0.65,0.542,0.591,0.65,0.542,0.591,0.684,0.542,0.605
SEIR015_sl1000_mr025_nv20_16,0.862,0.833,0.847,0.857,0.8,0.828,0.88,0.733,0.8,0.913,0.7,0.792,0.909,0.667,0.769,0.909,0.667,0.769
SEIR015_sl1000_mr025_nv20_17,0.885,0.821,0.852,0.875,0.75,0.808,0.854,0.625,0.722,0.818,0.482,0.607,0.818,0.482,0.607,0.818,0.482,0.607
SEIR015_sl1000_mr025_nv20_18,0.651,0.718,0.683,0.643,0.692,0.667,0.611,0.564,0.587,0.606,0.513,0.556,0.606,0.513,0.556,0.606,0.513,0.556
SEIR015_sl1000_mr025_nv20_19,0.429,0.545,0.48,0.417,0.455,0.435,0.556,0.455,0.5,0.429,0.273,0.333,0.429,0.273,0.333,0.429,0.273,0.333
SEIR015_sl1000_mr025_nv20_2,0.917,0.88,0.898,0.957,0.88,0.917,0.947,0.72,0.818,0.941,0.64,0.762,0.941,0.64,0.762,0.941,0.64,0.762
SEIR015_sl1000_mr025_nv20_20,0.667,0.526,0.588,0.667,0.526,0.588,0.714,0.526,0.606,0.75,0.474,0.581,0.75,0.474,0.581,0.75,0.474,0.581
SEIR015_sl1000_mr025_nv20_3,0.698,0.667,0.682,0.717,0.652,0.683,0.741,0.606,0.667,0.731,0.576,0.644,0.72,0.545,0.621,0.72,0.545,0.621
SEIR015_sl1000_mr025_nv20_4,0.833,0.606,0.702,0.826,0.576,0.679,0.826,0.576,0.679,0.778,0.424,0.549,0.778,0.424,0.549,0.778,0.424,0.549
SEIR015_sl1000_mr025_nv20_5,0.943,0.846,0.892,0.941,0.821,0.877,0.92,0.59,0.719,0.909,0.513,0.656,0.905,0.487,0.633,0.905,0.487,0.633
SEIR015_sl1000_mr025_nv20_6,0.78,0.842,0.81,0.806,0.763,0.784,0.788,0.684,0.732,0.786,0.579,0.667,0.778,0.553,0.646,0.778,0.553,0.646
SEIR015_sl1000_mr025_nv20_7,0.969,0.861,0.912,1,0.861,0.925,1,0.833,0.909,1,0.75,0.857,1,0.75,0.857,1,0.75,0.857
SEIR015_sl1000_mr025_nv20_8,0.657,0.687,0.672,0.73,0.687,0.708,0.782,0.642,0.705,0.812,0.582,0.678,0.867,0.582,0.696,0.867,0.582,0.696
SEIR015_sl1000_mr025_nv20_9,0.769,0.556,0.645,0.769,0.556,0.645,0.727,0.444,0.552,0.75,0.333,0.462,0.75,0.333,0.462,0.75,0.333,0.462
SEIR015_sl1000_mr025_nv5_1,1,0.643,0.783,1,0.571,0.727,1,0.143,0.25,1,0.071,0.133,1,0.071,0.133,1,0.071,0.133
SEIR015_sl1000_mr025_nv5_10,0.7,0.583,0.636,0.741,0.556,0.635,0.696,0.444,0.542,0.667,0.389,0.491,0.667,0.389,0.491,0.824,0.389,0.528
SEIR015_sl1000_mr025_nv5_11,0.757,0.596,0.667,0.771,0.574,0.659,0.76,0.404,0.528,0.7,0.298,0.418,0.7,0.298,0.418,0.778,0.298,0.431
SEIR015_sl1000_mr025_nv5_12,0.5,0.364,0.421,0.429,0.273,0.333,0.6,0.273,0.375,0.6,0.273,0.375,0.5,0.182,0.267,0.5,0.182,0.267
SEIR015_sl1000_mr025_nv5_13,0.917,0.71,0.8,0.909,0.645,0.755,0.944,0.548,0.694,1,0.355,0.524,1,0.355,0.524,1,0.355,0.524
SEIR015_sl1000_mr025_nv5_14,0.6,0.6,0.6,0.692,0.6,0.643,0.692,0.6,0.643,0.889,0.533,0.667,0.889,0.533,0.667,0.889,0.533,0.667
SEIR015_sl1000_mr025_nv5_15,0.759,0.677,0.715,0.824,0.646,0.724,0.771,0.415,0.54,0.8,0.369,0.505,0.852,0.354,0.5,0.875,0.323,0.472
SEIR015_sl1000_mr025_nv5_16,1,0.731,0.844,1,0.731,0.844,1,0.538,0.7,1,0.423,0.595,1,0.423,0.595,1,0.423,0.595
SEIR015_sl1000_mr025_nv5_17,0.846,0.805,0.825,0.861,0.756,0.805,0.862,0.61,0.714,1,0.415,0.586,1,0.39,0.561,1,0.39,0.561
SEIR015_sl1000_mr025_nv5_18,0.821,0.582,0.681,0.861,0.564,0.681,0.839,0.473,0.605,0.885,0.418,0.568,0.88,0.4,0.55,0.88,0.4,0.55
SEIR015_sl1000_mr025_nv5_19,0.357,0.455,0.4,0.5,0.455,0.476,0.5,0.455,0.476,0.5,0.455,0.476,0.625,0.455,0.526,0.625,0.455,0.526
SEIR015_sl1000_mr025_nv5_2,0.857,0.667,0.75,1,0.667,0.8,1,0.556,0.714,1,0.444,0.615,1,0.444,0.615,1,0.444,0.615
SEIR015_sl1000_mr025_nv5_20,0.759,0.537,0.629,0.769,0.488,0.597,0.75,0.366,0.492,0.75,0.293,0.421,0.714,0.244,0.364,0.714,0.244,0.364
SEIR015_sl1000_mr025_nv5_3,0.737,0.519,0.609,0.778,0.519,0.622,0.75,0.444,0.558,0.692,0.333,0.45,0.692,0.333,0.45,0.692,0.333,0.45
SEIR015_sl1000_mr025_nv5_4,0.85,0.68,0.756,0.865,0.64,0.736,0.833,0.5,0.625,0.773,0.34,0.472,0.762,0.32,0.451,0.762,0.32,0.451
SEIR015_sl1000_mr025_nv5_5,0.583,0.333,0.424,0.583,0.333,0.424,0.625,0.238,0.345,0.833,0.238,0.37,0.833,0.238,0.37,0.833,0.238,0.37
SEIR015_sl1000_mr025_nv5_6,0.538,0.339,0.416,0.541,0.323,0.404,0.522,0.194,0.282,0.529,0.145,0.228,0.529,0.145,0.228,0.562,0.145,0.231
SEIR015_sl1000_mr025_nv5_7,0.8,0.615,0.696,0.8,0.615,0.696,0.769,0.385,0.513,0.8,0.308,0.444,0.8,0.308,0.444,0.8,0.308,0.444
SEIR015_sl1000_mr025_nv5_8,0.824,0.609,0.7,0.867,0.565,0.684,0.909,0.435,0.588,1,0.348,0.516,1,0.348,0.516,1,0.348,0.516
SEIR015_sl1000_mr025_nv5_9,0.595,0.55,0.571,0.611,0.55,0.579,0.621,0.45,0.522,0.654,0.425,0.515,0.64,0.4,0.492,0.64,0.4,0.492
SEIR015_sl1000_mr05_nv10_1,0.667,0.471,0.552,0.727,0.471,0.571,0.889,0.471,0.615,0.833,0.294,0.435,0.833,0.294,0.435,0.833,0.294,0.435
SEIR015_sl1000_mr05_nv10_10,0.8,0.889,0.842,0.8,0.889,0.842,0.8,0.889,0.842,0.8,0.889,0.842,0.8,0.889,0.842,0.8,0.889,0.842
SEIR015_sl1000_mr05_nv10_11,0.375,0.375,0.375,0.429,0.375,0.4,0.429,0.375,0.4,0.6,0.375,0.462,0.6,0.375,0.462,0.6,0.375,0.462
SEIR015_sl1000_mr05_nv10_12,0.727,1,0.842,0.727,1,0.842,0.667,0.75,0.706,0.667,0.75,0.706,0.667,0.75,0.706,0.625,0.625,0.625
SEIR015_sl1000_mr05_nv10_13,0.927,0.836,0.879,0.944,0.836,0.887,0.933,0.689,0.792,0.927,0.623,0.745,0.927,0.623,0.745,0.927,0.623,0.745
SEIR015_sl1000_mr05_nv10_14,0.758,0.543,0.633,0.781,0.543,0.641,0.75,0.457,0.568,0.81,0.37,0.507,0.81,0.37,0.507,0.81,0.37,0.507
SEIR015_sl1000_mr05_nv10_15,0.636,0.636,0.636,0.625,0.455,0.526,0.5,0.273,0.353,0.333,0.091,0.143,0.333,0.091,0.143,0.333,0.091,0.143
SEIR015_sl1000_mr05_nv10_16,0.767,0.805,0.786,0.825,0.805,0.815,0.886,0.756,0.816,0.893,0.61,0.725,0.893,0.61,0.725,0.893,0.61,0.725
SEIR015_sl1000_mr05_nv10_17,0.735,0.725,0.73,0.738,0.696,0.716,0.719,0.594,0.651,0.688,0.478,0.564,0.711,0.464,0.561,0.727,0.464,0.566
SEIR015_sl1000_mr05_nv10_18,0.711,0.78,0.744,0.732,0.732,0.732,0.727,0.585,0.649,0.72,0.439,0.545,0.72,0.439,0.545,0.72,0.439,0.545
SEIR015_sl1000_mr05_nv10_19,0.719,0.719,0.719,0.733,0.688,0.71,0.778,0.656,0.712,0.75,0.562,0.643,0.842,0.5,0.627,0.833,0.469,0.6
SEIR015_sl1000_mr05_nv10_2,0.9,0.643,0.75,0.929,0.619,0.743,0.905,0.452,0.603,0.867,0.31,0.456,0.867,0.31,0.456,0.867,0.31,0.456
SEIR015_sl1000_mr05_nv10_20,0.455,0.244,0.317,0.5,0.22,0.305,0.538,0.171,0.259,0.556,0.122,0.2,0.625,0.122,0.204,0.833,0.122,0.213
SEIR015_sl1000_mr05_nv10_3,0.885,0.821,0.852,0.885,0.821,0.852,0.896,0.768,0.827,0.907,0.696,0.788,0.907,0.696,0.788,0.907,0.696,0.788
SEIR015_sl1000_mr05_nv10_4,0.545,0.562,0.554,0.531,0.531,0.531,0.5,0.406,0.448,0.5,0.344,0.407,0.524,0.344,0.415,0.524,0.344,0.415
SEIR015_sl1000_mr05_nv10_5,0.7,0.636,0.667,0.778,0.636,0.7,0.778,0.636,0.7,0.75,0.545,0.632,0.75,0.545,0.632,0.75,0.545,0.632
SEIR015_sl1000_mr05_nv10_6,0.84,0.7,0.764,0.87,0.667,0.755,0.944,0.567,0.708,0.938,0.5,0.652,0.929,0.433,0.591,0.929,0.433,0.591
SEIR015_sl1000_mr05_nv10_7,0.529,0.692,0.6,0.562,0.692,0.621,0.562,0.692,0.621,0.5,0.538,0.519,0.5,0.538,0.519,0.5,0.538,0.519
SEIR015_sl1000_mr05_nv10_8,0.794,0.75,0.771,0.788,0.722,0.754,0.862,0.694,0.769,0.875,0.583,0.7,0.875,0.583,0.7,0.875,0.583,0.7
SEIR015_sl1000_mr05_nv10_9,0.647,0.733,0.688,0.733,0.733,0.733,0.692,0.6,0.643,0.6,0.4,0.48,0.6,0.4,0.48,0.6,0.4,0.48
SEIR015_sl250_mr025_nv10_1,0.652,0.882,0.75,0.652,0.882,0.75,0.619,0.765,0.684,0.667,0.706,0.686,0.647,0.647,0.647,0.647,0.647,0.647
SEIR015_sl250_mr025_nv10_10,0.588,0.678,0.63,0.571,0.61,0.59,0.588,0.508,0.545,0.619,0.441,0.515,0.619,0.441,0.515,0.641,0.424,0.51
SEIR015_sl250_mr025_nv10_11,0.618,0.618,0.618,0.618,0.618,0.618,0.607,0.5,0.548,0.542,0.382,0.448,0.542,0.382,0.448,0.542,0.382,0.448
SEIR015_sl250_mr025_nv10_12,0.536,0.698,0.606,0.527,0.674,0.592,0.551,0.628,0.587,0.625,0.581,0.602,0.641,0.581,0.61,0.658,0.581,0.617
SEIR015_sl250_mr025_nv10_13,0.8,0.75,0.774,0.786,0.688,0.733,0.75,0.562,0.643,0.8,0.5,0.615,0.8,0.5,0.615,0.8,0.5,0.615
SEIR015_sl250_mr025_nv10_14,0.378,0.56,0.452,0.382,0.52,0.441,0.344,0.44,0.386,0.345,0.4,0.37,0.28,0.28,0.28,0.292,0.28,0.286
SEIR015_sl250_mr025_nv10_15,0.609,0.571,0.589,0.605,0.531,0.565,0.61,0.51,0.556,0.639,0.469,0.541,0.639,0.469,0.541,0.697,0.469,0.561
SEIR015_sl250_mr025_nv10_16,0.133,0.222,0.167,0.146,0.222,0.176,0.167,0.185,0.175,0.167,0.148,0.157,0.182,0.148,0.163,0.211,0.148,0.174
SEIR015_sl250_mr025_nv10_17,0.556,0.417,0.476,0.5,0.333,0.4,0.5,0.25,0.333,0.25,0.083,0.125,0.25,0.083,0.125,0.25,0.083,0.125
SEIR015_sl250_mr025_nv10_18,0.263,0.455,0.333,0.278,0.455,0.345,0.333,0.455,0.385,0.2,0.182,0.19,0.2,0.182,0.19,0.2,0.182,0.19
SEIR015_sl250_mr025_nv10_19,0.636,0.568,0.6,0.655,0.514,0.576,0.68,0.459,0.548,0.619,0.351,0.448,0.6,0.324,0.421,0.647,0.297,0.407
SEIR015_sl250_mr025_nv10_2,0.318,0.318,0.318,0.318,0.318,0.318,0.3,0.273,0.286,0.294,0.227,0.256,0.312,0.227,0.263,0.357,0.227,0.278
SEIR015_sl250_mr025_nv10_20,0.548,0.697,0.613,0.561,0.697,0.622,0.622,0.697,0.657,0.688,0.667,0.677,0.688,0.667,0.677,0.688,0.667,0.677
SEIR015_sl250_mr025_nv10_3,0.55,0.733,0.629,0.55,0.733,0.629,0.529,0.6,0.562,0.5,0.533,0.516,0.538,0.467,0.5,0.583,0.467,0.519
SEIR015_sl250_mr025_nv10_4,0.643,0.72,0.679,0.643,0.72,0.679,0.708,0.68,0.694,0.727,0.64,0.681,0.727,0.64,0.681,0.727,0.64,0.681
SEIR015_sl250_mr025_nv10_5,0.75,0.75,0.75,0.75,0.75,0.75,0.857,0.75,0.8,0.833,0.625,0.714,0.833,0.625,0.714,0.833,0.625,0.714
SEIR015_sl250_mr025_nv10_6,0.537,0.629,0.579,0.526,0.571,0.548,0.515,0.486,0.5,0.5,0.429,0.462,0.5,0.429,0.462,0.5,0.429,0.462
SEIR015_sl250_mr025_nv10_7,0.333,0.375,0.353,0.333,0.375,0.353,0.375,0.375,0.375,0.375,0.375,0.375,0.375,0.375,0.375,0.375,0.375,0.375
SEIR015_sl250_mr025_nv10_8,0.783,0.667,0.72,0.783,0.667,0.72,0.789,0.556,0.652,0.8,0.444,0.571,0.857,0.444,0.585,0.857,0.444,0.585
SEIR015_sl250_mr025_nv10_9,0.688,0.733,0.71,0.688,0.733,0.71,0.615,0.533,0.571,0.5,0.333,0.4,0.5,0.267,0.348,0.5,0.2,0.286
SEIR015_sl500_mr025_nv10_1,0.667,0.6,0.632,0.667,0.6,0.632,0.667,0.6,0.632,0.625,0.5,0.556,0.625,0.5,0.556,0.625,0.5,0.556
SEIR015_sl500_mr025_nv10_10,0.857,0.837,0.847,0.875,0.814,0.843,0.9,0.628,0.74,0.885,0.535,0.667,0.885,0.535,0.667,0.885,0.535,0.667
SEIR015_sl500_mr025_nv10_11,0.167,0.125,0.143,0.25,0.125,0.167,0,0,0,0,0,0,0,0,0,0,0,0
SEIR015_sl500_mr025_nv10_12,0.721,0.585,0.646,0.738,0.585,0.653,0.765,0.491,0.598,0.731,0.358,0.481,0.76,0.358,0.487,0.76,0.358,0.487
SEIR015_sl500_mr025_nv10_13,0.516,0.571,0.542,0.552,0.571,0.561,0.6,0.536,0.566,0.636,0.5,0.56,0.667,0.5,0.571,0.737,0.5,0.596
SEIR015_sl500_mr025_nv10_14,1,0.889,0.941,1,0.889,0.941,1,0.889,0.941,1,0.778,0.875,1,0.778,0.875,1,0.778,0.875
SEIR015_sl500_mr025_nv10_15,0.796,0.672,0.729,0.841,0.638,0.725,0.842,0.552,0.667,0.897,0.448,0.598,0.893,0.431,0.581,0.893,0.431,0.581
SEIR015_sl500_mr025_nv10_16,0.6,0.75,0.667,0.643,0.75,0.692,0.714,0.417,0.526,0.667,0.333,0.444,0.667,0.333,0.444,0.667,0.333,0.444
SEIR015_sl500_mr025_nv10_17,0.765,0.929,0.839,0.765,0.929,0.839,0.75,0.857,0.8,0.8,0.857,0.828,0.8,0.857,0.828,0.8,0.857,0.828
SEIR015_sl500_mr025_nv10_18,0.765,0.5,0.605,0.75,0.462,0.571,0.786,0.423,0.55,0.667,0.231,0.343,0.667,0.231,0.343,0.667,0.231,0.343
SEIR015_sl500_mr025_nv10_19,0.889,0.8,0.842,1,0.8,0.889,1,0.8,0.889,1,0.7,0.824,1,0.6,0.75,1,0.6,0.75
SEIR015_sl500_mr025_nv10_2,0.625,0.625,0.625,0.625,0.625,0.625,0.5,0.25,0.333,0.5,0.25,0.333,0.5,0.25,0.333,0.5,0.25,0.333
SEIR015_sl500_mr025_nv10_20,0.742,0.719,0.73,0.772,0.688,0.727,0.8,0.625,0.702,0.829,0.531,0.648,0.868,0.516,0.647,0.868,0.516,0.647
SEIR015_sl500_mr025_nv10_3,0.719,0.622,0.667,0.786,0.595,0.677,0.769,0.541,0.635,0.727,0.432,0.542,0.727,0.432,0.542,0.8,0.432,0.561
SEIR015_sl500_mr025_nv10_4,0.63,0.707,0.667,0.674,0.707,0.69,0.667,0.634,0.65,0.656,0.512,0.575,0.677,0.512,0.583,0.7,0.512,0.592
SEIR015_sl500_mr025_nv10_5,0.867,0.929,0.897,0.857,0.857,0.857,0.917,0.786,0.846,0.889,0.571,0.696,0.889,0.571,0.696,0.889,0.571,0.696
SEIR015_sl500_mr025_nv10_6,0.75,0.789,0.769,0.75,0.789,0.769,0.75,0.789,0.769,0.75,0.789,0.769,0.75,0.789,0.769,0.75,0.789,0.769
SEIR015_sl500_mr025_nv10_7,0.66,0.532,0.589,0.721,0.5,0.59,0.758,0.403,0.526,0.828,0.387,0.527,0.821,0.371,0.511,0.917,0.355,0.512
SEIR015_sl500_mr025_nv10_8,0.716,0.716,0.716,0.758,0.701,0.729,0.765,0.582,0.661,0.791,0.507,0.618,0.786,0.493,0.606,0.8,0.478,0.598
SEIR015_sl500_mr025_nv10_9,0.6,0.818,0.692,0.636,0.636,0.636,0.778,0.636,0.7,0.778,0.636,0.7,0.778,0.636,0.7,0.778,0.636,0.7
SEIR01_sl1000_mr0125_nv10_1,0.765,0.722,0.743,0.75,0.667,0.706,0.8,0.667,0.727,0.846,0.611,0.71,0.846,0.611,0.71,0.846,0.611,0.71
SEIR01_sl1000_mr0125_nv10_10,0.92,0.852,0.885,0.917,0.815,0.863,0.933,0.778,0.848,0.949,0.685,0.796,0.949,0.685,0.796,0.949,0.685,0.796
SEIR01_sl1000_mr0125_nv10_11,0.923,0.923,0.923,0.923,0.923,0.923,0.917,0.846,0.88,0.909,0.769,0.833,0.909,0.769,0.833,0.909,0.769,0.833
SEIR01_sl1000_mr0125_nv10_12,0.333,0.2,0.25,0.5,0.2,0.286,0.5,0.2,0.286,1,0.2,0.333,1,0.2,0.333,1,0.2,0.333
SEIR01_sl1000_mr0125_nv10_13,0.818,0.9,0.857,0.818,0.9,0.857,0.818,0.9,0.857,0.818,0.9,0.857,0.818,0.9,0.857,0.818,0.9,0.857
SEIR01_sl1000_mr0125_nv10_14,0.935,0.967,0.951,0.935,0.967,0.951,0.962,0.833,0.893,0.96,0.8,0.873,0.96,0.8,0.873,0.96,0.8,0.873
SEIR01_sl1000_mr0125_nv10_15,0.864,0.792,0.826,0.864,0.792,0.826,1,0.583,0.737,1,0.458,0.629,1,0.458,0.629,1,0.458,0.629
SEIR01_sl1000_mr0125_nv10_16,0.857,0.857,0.857,0.857,0.857,0.857,0.75,0.429,0.545,0.667,0.286,0.4,0.667,0.286,0.4,0.667,0.286,0.4
SEIR01_sl1000_mr0125_nv10_17,0.833,0.833,0.833,0.833,0.833,0.833,0.833,0.833,0.833,0.833,0.833,0.833,0.833,0.833,0.833,0.833,0.833,0.833
SEIR01_sl1000_mr0125_nv10_18,0.841,0.822,0.831,0.925,0.822,0.871,0.973,0.8,0.878,0.972,0.778,0.864,0.972,0.778,0.864,0.972,0.778,0.864
SEIR01_sl1000_mr0125_nv10_19,0.926,0.833,0.877,0.926,0.833,0.877,0.92,0.767,0.836,0.917,0.733,0.815,0.917,0.733,0.815,0.917,0.733,0.815
SEIR01_sl1000_mr0125_nv10_2,0.923,0.923,0.923,0.96,0.923,0.941,0.955,0.808,0.875,0.944,0.654,0.773,0.944,0.654,0.773,0.944,0.654,0.773
SEIR01_sl1000_mr0125_nv10_20,0.889,0.96,0.923,0.917,0.88,0.898,0.957,0.88,0.917,0.957,0.88,0.917,0.955,0.84,0.894,0.955,0.84,0.894
SEIR01_sl1000_mr0125_nv10_3,0.889,0.842,0.865,0.886,0.816,0.849,0.867,0.684,0.765,0.852,0.605,0.708,0.852,0.605,0.708,0.852,0.605,0.708
SEIR01_sl1000_mr0125_nv10_4,0.895,0.708,0.791,0.895,0.708,0.791,0.895,0.708,0.791,0.882,0.625,0.732,0.882,0.625,0.732,0.882,0.625,0.732
SEIR01_sl1000_mr0125_nv10_5,0.875,0.894,0.884,0.894,0.894,0.894,0.927,0.809,0.864,0.923,0.766,0.837,0.923,0.766,0.837,0.923,0.766,0.837
SEIR01_sl1000_mr0125_nv10_6,0.907,0.812,0.857,0.929,0.812,0.867,0.941,0.667,0.78,0.963,0.542,0.693,0.963,0.542,0.693,0.963,0.542,0.693
SEIR01_sl1000_mr0125_nv10_7,0.973,0.923,0.947,0.973,0.923,0.947,0.967,0.744,0.841,0.966,0.718,0.824,0.966,0.718,0.824,0.966,0.718,0.824
SEIR01_sl1000_mr0125_nv10_8,0.667,0.667,0.667,0.667,0.667,0.667,0.6,0.5,0.545,0.5,0.333,0.4,0.5,0.333,0.4,0.5,0.333,0.4
SEIR01_sl1000_mr0125_nv10_9,0.913,0.894,0.903,0.953,0.872,0.911,0.971,0.723,0.829,0.968,0.638,0.769,0.968,0.638,0.769,0.968,0.638,0.769
SEIR01_sl1000_mr025_nv10_1,0.885,0.821,0.852,0.92,0.821,0.868,0.905,0.679,0.776,0.889,0.571,0.696,0.889,0.571,0.696,0.889,0.571,0.696
SEIR01_sl1000_mr025_nv10_10,0.778,0.778,0.778,0.778,0.778,0.778,0.778,0.778,0.778,0.778,0.778,0.778,0.778,0.778,0.778,0.778,0.778,0.778
SEIR01_sl1000_mr025_nv10_11,0.882,0.857,0.87,0.909,0.857,0.882,0.897,0.743,0.812,0.923,0.686,0.787,0.923,0.686,0.787,0.923,0.686,0.787
SEIR01_sl1000_mr025_nv10_12,0.75,0.75,0.75,0.714,0.625,0.667,0.833,0.625,0.714,1,0.625,0.769,1,0.625,0.769,1,0.625,0.769
SEIR01_sl1000_mr025_nv10_13,0.812,0.65,0.722,0.812,0.65,0.722,0.727,0.4,0.516,0.667,0.3,0.414,0.625,0.25,0.357,0.625,0.25,0.357
SEIR01_sl1000_mr025_nv10_14,0.886,0.912,0.899,0.879,0.853,0.866,0.889,0.706,0.787,0.913,0.618,0.737,0.913,0.618,0.737,0.913,0.618,0.737
SEIR01_sl1000_mr025_nv10_15,0.8,0.8,0.8,0.8,0.8,0.8,0.75,0.6,0.667,0.75,0.6,0.667,0.75,0.6,0.667,0.75,0.6,0.667
SEIR01_sl1000_mr025_nv10_16,0.925,0.881,0.902,0.923,0.857,0.889,1,0.69,0.817,1,0.595,0.746,1,0.571,0.727,1,0.571,0.727
SEIR01_sl1000_mr025_nv10_17,0.833,0.667,0.741,0.857,0.667,0.75,0.875,0.622,0.727,0.897,0.578,0.703,0.897,0.578,0.703,0.897,0.578,0.703
SEIR01_sl1000_mr025_nv10_18,0.889,0.889,0.889,0.875,0.778,0.824,0.875,0.778,0.824,0.875,0.778,0.824,0.875,0.778,0.824,0.875,0.778,0.824
SEIR01_sl1000_mr025_nv10_19,0.796,0.729,0.761,0.804,0.695,0.745,0.857,0.61,0.713,0.897,0.593,0.714,0.944,0.576,0.716,0.944,0.576,0.716
SEIR01_sl1000_mr025_nv10_2,0.913,0.955,0.933,0.909,0.909,0.909,0.944,0.773,0.85,0.941,0.727,0.821,0.941,0.727,0.821,0.941,0.727,0.821
SEIR01_sl1000_mr025_nv10_20,0.824,0.824,0.824,0.824,0.824,0.824,0.769,0.588,0.667,0.769,0.588,0.667,0.769,0.588,0.667,0.769,0.588,0.667
SEIR01_sl1000_mr025_nv10_3,0.86,0.878,0.869,0.857,0.857,0.857,0.897,0.714,0.795,0.941,0.653,0.771,0.941,0.653,0.771,0.941,0.653,0.771
SEIR01_sl1000_mr025_nv10_4,0.933,0.808,0.866,0.932,0.788,0.854,0.923,0.692,0.791,0.919,0.654,0.764,0.943,0.635,0.759,0.943,0.635,0.759
SEIR01_sl1000_mr025_nv10_5,0.95,0.864,0.905,0.95,0.864,0.905,0.974,0.841,0.902,0.972,0.795,0.875,0.972,0.795,0.875,0.972,0.795,0.875
SEIR01_sl1000_mr025_nv10_6,0.714,0.714,0.714,0.833,0.714,0.769,0.833,0.714,0.769,0.833,0.714,0.769,0.833,0.714,0.769,0.833,0.714,0.769
SEIR01_sl1000_mr025_nv10_7,0.784,0.725,0.753,0.806,0.725,0.763,0.848,0.7,0.767,0.9,0.675,0.771,0.9,0.675,0.771,0.9,0.675,0.771
SEIR01_sl1000_mr025_nv10_8,0.88,0.815,0.846,0.88,0.815,0.846,0.87,0.741,0.8,0.909,0.741,0.816,0.909,0.741,0.816,0.909,0.741,0.816
SEIR01_sl1000_mr025_nv10_9,0.897,0.745,0.814,0.921,0.745,0.824,0.912,0.66,0.765,0.966,0.596,0.737,0.966,0.596,0.737,0.966,0.596,0.737
SEIR01_sl1000_mr025_nv20_1,0.912,0.969,0.939,0.912,0.969,0.939,0.926,0.781,0.847,0.917,0.688,0.786,0.917,0.688,0.786,0.917,0.688,0.786
SEIR01_sl1000_mr025_nv20_10,0.857,0.667,0.75,0.833,0.556,0.667,0.8,0.444,0.571,0.8,0.444,0.571,0.8,0.444,0.571,0.8,0.444,0.571
SEIR01_sl1000_mr025_nv20_11,0.8,0.8,0.8,0.8,0.8,0.8,0.8,0.8,0.8,0.8,0.8,0.8,0.8,0.8,0.8,0.8,0.8,0.8
SEIR01_sl1000_mr025_nv20_12,0.889,0.889,0.889,0.941,0.889,0.914,0.938,0.833,0.882,0.933,0.778,0.848,0.933,0.778,0.848,0.933,0.778,0.848
SEIR01_sl1000_mr025_nv20_13,0.875,0.845,0.86,0.941,0.828,0.881,0.936,0.759,0.838,0.978,0.759,0.854,0.978,0.759,0.854,0.978,0.759,0.854
SEIR01_sl1000_mr025_nv20_14,0.786,0.846,0.815,0.846,0.846,0.846,0.846,0.846,0.846,0.917,0.846,0.88,0.917,0.846,0.88,0.917,0.846,0.88
SEIR01_sl1000_mr025_nv20_15,0.957,0.957,0.957,0.952,0.87,0.909,0.941,0.696,0.8,0.938,0.652,0.769,0.938,0.652,0.769,0.938,0.652,0.769
SEIR01_sl1000_mr025_nv20_16,0.545,0.857,0.667,0.5,0.714,0.588,0.444,0.571,0.5,0.333,0.286,0.308,0.333,0.286,0.308,0.333,0.286,0.308
SEIR01_sl1000_mr025_nv20_17,0.88,0.88,0.88,0.875,0.84,0.857,0.905,0.76,0.826,0.95,0.76,0.844,0.95,0.76,0.844,0.95,0.76,0.844
SEIR01_sl1000_mr025_nv20_18,0.885,0.885,0.885,0.885,0.885,0.885,0.885,0.885,0.885,0.885,0.885,0.885,0.885,0.885,0.885,0.885,0.885,0.885
SEIR01_sl1000_mr025_nv20_19,0.943,0.943,0.943,0.943,0.943,0.943,0.942,0.925,0.933,0.941,0.906,0.923,0.941,0.906,0.923,0.941,0.906,0.923
SEIR01_sl1000_mr025_nv20_2,0.907,0.929,0.918,0.905,0.905,0.905,0.906,0.69,0.784,0.933,0.667,0.778,0.933,0.667,0.778,0.933,0.667,0.778
SEIR01_sl1000_mr025_nv20_20,0.889,0.774,0.828,0.889,0.774,0.828,0.885,0.742,0.807,0.87,0.645,0.741,0.857,0.581,0.692,0.857,0.581,0.692
SEIR01_sl1000_mr025_nv20_3,0.864,0.905,0.884,0.857,0.857,0.857,0.842,0.762,0.8,0.833,0.714,0.769,0.833,0.714,0.769,0.833,0.714,0.769
SEIR01_sl1000_mr025_nv20_4,0.75,0.75,0.75,0.75,0.75,0.75,0.75,0.75,0.75,0.75,0.75,0.75,0.75,0.75,0.75,0.75,0.75,0.75
SEIR01_sl1000_mr025_nv20_5,0.875,0.848,0.862,0.875,0.848,0.862,0.897,0.788,0.839,0.963,0.788,0.867,0.963,0.788,0.867,0.963,0.788,0.867
SEIR01_sl1000_mr025_nv20_6,0.917,1,0.957,0.917,1,0.957,0.917,1,0.957,0.917,1,0.957,0.917,1,0.957,0.917,1,0.957
SEIR01_sl1000_mr025_nv20_7,0.882,0.882,0.882,0.882,0.882,0.882,0.857,0.706,0.774,0.923,0.706,0.8,0.923,0.706,0.8,0.923,0.706,0.8
SEIR01_sl1000_mr025_nv20_8,0.6,0.6,0.6,0.6,0.6,0.6,0.6,0.6,0.6,0.6,0.6,0.6,0.6,0.6,0.6,0.6,0.6,0.6
SEIR01_sl1000_mr025_nv20_9,1,1,1,1,0.917,0.957,1,0.917,0.957,1,0.917,0.957,1,0.917,0.957,1,0.917,0.957
SEIR01_sl1000_mr025_nv5_1,0.818,0.659,0.73,0.844,0.659,0.74,0.897,0.634,0.743,0.923,0.585,0.716,0.923,0.585,0.716,0.923,0.585,0.716
SEIR01_sl1000_mr025_nv5_10,0.885,0.697,0.78,0.958,0.697,0.807,1,0.515,0.68,1,0.303,0.465,1,0.303,0.465,1,0.303,0.465
SEIR01_sl1000_mr025_nv5_11,0.765,0.684,0.722,0.8,0.632,0.706,0.769,0.526,0.625,0.8,0.421,0.552,0.778,0.368,0.5,0.778,0.368,0.5
SEIR01_sl1000_mr025_nv5_12,0.824,0.737,0.778,0.812,0.684,0.743,0.8,0.421,0.552,0.778,0.368,0.5,0.75,0.316,0.444,0.75,0.316,0.444
SEIR01_sl1000_mr025_nv5_13,0.917,0.917,0.917,0.917,0.917,0.917,0.9,0.75,0.818,0.9,0.75,0.818,0.9,0.75,0.818,0.9,0.75,0.818
SEIR01_sl1000_mr025_nv5_14,0.905,0.95,0.927,0.95,0.95,0.95,0.933,0.7,0.8,0.929,0.65,0.765,0.929,0.65,0.765,0.929,0.65,0.765
SEIR01_sl1000_mr025_nv5_15,0.692,0.667,0.679,0.708,0.63,0.667,0.778,0.519,0.622,0.786,0.407,0.537,0.786,0.407,0.537,0.786,0.407,0.537
SEIR01_sl1000_mr025_nv5_16,0.944,0.944,0.944,0.944,0.944,0.944,0.938,0.833,0.882,0.938,0.833,0.882,0.938,0.833,0.882,0.938,0.833,0.882
SEIR01_sl1000_mr025_nv5_17,0.909,0.909,0.909,0.9,0.818,0.857,0.875,0.636,0.737,0.857,0.545,0.667,0.857,0.545,0.667,0.857,0.545,0.667
SEIR01_sl1000_mr025_nv5_18,0.8,0.681,0.736,0.861,0.66,0.747,0.938,0.638,0.759,1,0.553,0.712,1,0.553,0.712,1,0.532,0.694
SEIR01_sl1000_mr025_nv5_19,0.948,0.948,0.948,0.947,0.931,0.939,0.98,0.828,0.897,0.976,0.707,0.82,0.976,0.707,0.82,0.976,0.707,0.82
SEIR01_sl1000_mr025_nv5_2,0.75,0.562,0.643,0.75,0.562,0.643,0.625,0.312,0.417,0.625,0.312,0.417,0.625,0.312,0.417,0.833,0.312,0.455
SEIR01_sl1000_mr025_nv5_20,0.652,0.625,0.638,0.682,0.625,0.652,0.65,0.542,0.591,0.684,0.542,0.605,0.722,0.542,0.619,0.765,0.542,0.634
SEIR01_sl1000_mr025_nv5_3,0.727,0.8,0.762,0.8,0.8,0.8,0.778,0.7,0.737,0.75,0.6,0.667,0.75,0.6,0.667,0.75,0.6,0.667
SEIR01_sl1000_mr025_nv5_4,0.902,0.74,0.813,0.902,0.74,0.813,0.879,0.58,0.699,0.903,0.56,0.691,0.897,0.52,0.658,0.897,0.52,0.658
SEIR01_sl1000_mr025_nv5_5,0.771,0.529,0.628,0.806,0.49,0.61,0.786,0.431,0.557,0.808,0.412,0.545,0.826,0.373,0.514,0.826,0.373,0.514
SEIR01_sl1000_mr025_nv5_6,0.75,0.75,0.75,0.75,0.75,0.75,0.667,0.5,0.571,0.667,0.5,0.571,0.667,0.5,0.571,0.667,0.5,0.571
SEIR01_sl1000_mr025_nv5_7,0.9,0.9,0.9,0.9,0.9,0.9,0.9,0.9,0.9,0.9,0.9,0.9,0.9,0.9,0.9,0.9,0.9,0.9
SEIR01_sl1000_mr025_nv5_8,0.875,0.913,0.894,0.864,0.826,0.844,0.889,0.696,0.78,0.882,0.652,0.75,0.938,0.652,0.769,0.938,0.652,0.769
SEIR01_sl1000_mr025_nv5_9,0.778,0.778,0.778,0.778,0.778,0.778,0.833,0.556,0.667,1,0.333,0.5,1,0.333,0.5,1,0.333,0.5
SEIR01_sl1000_mr05_nv10_1,0.909,0.769,0.833,0.9,0.692,0.783,0.889,0.615,0.727,0.857,0.462,0.6,0.857,0.462,0.6,0.857,0.462,0.6
SEIR01_sl1000_mr05_nv10_10,0.857,0.857,0.857,0.857,0.857,0.857,0.857,0.857,0.857,0.857,0.857,0.857,0.857,0.857,0.857,0.857,0.857,0.857
SEIR01_sl1000_mr05_nv10_11,0.8,0.75,0.774,0.852,0.719,0.78,0.852,0.719,0.78,0.846,0.688,0.759,0.88,0.688,0.772,0.88,0.688,0.772
SEIR01_sl1000_mr05_nv10_12,0.891,0.845,0.867,0.891,0.845,0.867,0.898,0.759,0.822,0.935,0.741,0.827,0.933,0.724,0.816,0.933,0.724,0.816
SEIR01_sl1000_mr05_nv10_13,0.875,0.875,0.875,0.857,0.75,0.8,0.8,0.5,0.615,0.75,0.375,0.5,0.75,0.375,0.5,0.75,0.375,0.5
SEIR01_sl1000_mr05_nv10_14,0.867,0.667,0.754,0.893,0.641,0.746,0.923,0.615,0.738,0.96,0.615,0.75,0.958,0.59,0.73,0.958,0.59,0.73
SEIR01_sl1000_mr05_nv10_15,0.875,0.875,0.875,0.875,0.875,0.875,0.923,0.75,0.828,0.917,0.688,0.786,0.917,0.688,0.786,0.917,0.688,0.786
SEIR01_sl1000_mr05_nv10_16,0.955,0.955,0.955,0.952,0.909,0.93,0.952,0.909,0.93,0.95,0.864,0.905,0.95,0.864,0.905,0.95,0.864,0.905
SEIR01_sl1000_mr05_nv10_17,0.952,0.909,0.93,0.952,0.909,0.93,0.944,0.773,0.85,0.929,0.591,0.722,0.929,0.591,0.722,0.929,0.591,0.722
SEIR01_sl1000_mr05_nv10_18,0.87,0.839,0.855,0.87,0.839,0.855,0.894,0.75,0.816,0.953,0.732,0.828,0.953,0.732,0.828,0.953,0.732,0.828
SEIR01_sl1000_mr05_nv10_19,0.4,0.286,0.333,0.4,0.286,0.333,0.4,0.286,0.333,0.4,0.286,0.333,0.667,0.286,0.4,0.667,0.286,0.4
SEIR01_sl1000_mr05_nv10_2,0.889,1,0.941,0.889,1,0.941,0.889,1,0.941,0.889,1,0.941,0.889,1,0.941,0.889,1,0.941
SEIR01_sl1000_mr05_nv10_20,0.918,0.865,0.891,0.917,0.846,0.88,0.909,0.769,0.833,0.925,0.712,0.804,0.925,0.712,0.804,0.925,0.712,0.804
SEIR01_sl1000_mr05_nv10_3,0.913,0.84,0.875,0.913,0.84,0.875,0.944,0.68,0.791,0.938,0.6,0.732,0.938,0.6,0.732,0.938,0.6,0.732
SEIR01_sl1000_mr05_nv10_4,0.8,0.727,0.762,0.8,0.727,0.762,0.889,0.727,0.8,0.889,0.727,0.8,0.889,0.727,0.8,0.889,0.727,0.8
SEIR01_sl1000_mr05_nv10_5,0.889,0.889,0.889,0.882,0.833,0.857,0.882,0.833,0.857,0.875,0.778,0.824,0.875,0.778,0.824,0.875,0.778,0.824
SEIR01_sl1000_mr05_nv10_6,0.865,0.8,0.831,0.889,0.8,0.842,0.897,0.65,0.754,0.88,0.55,0.677,0.88,0.55,0.677,0.88,0.55,0.677
SEIR01_sl1000_mr05_nv10_7,0.844,0.826,0.835,0.927,0.826,0.874,0.917,0.717,0.805,0.914,0.696,0.79,0.914,0.696,0.79,0.914,0.696,0.79
SEIR01_sl1000_mr05_nv10_8,0.875,0.875,0.875,0.875,0.875,0.875,0.875,0.875,0.875,0.875,0.875,0.875,0.875,0.875,0.875,0.875,0.875,0.875
SEIR01_sl1000_mr05_nv10_9,0.958,0.885,0.92,0.958,0.885,0.92,0.955,0.808,0.875,0.947,0.692,0.8,0.947,0.692,0.8,0.947,0.692,0.8
SEIR01_sl250_mr025_nv10_1,0.604,0.644,0.624,0.596,0.622,0.609,0.6,0.533,0.565,0.632,0.533,0.578,0.632,0.533,0.578,0.632,0.533,0.578
SEIR01_sl250_mr025_nv10_10,0.722,0.765,0.743,0.733,0.647,0.688,0.733,0.647,0.688,0.733,0.647,0.688,0.733,0.647,0.688,0.733,0.647,0.688
SEIR01_sl250_mr025_nv10_11,0.684,0.812,0.743,0.722,0.812,0.765,0.706,0.75,0.727,0.688,0.688,0.688,0.688,0.688,0.688,0.688,0.688,0.688
SEIR01_sl250_mr025_nv10_12,0.8,0.837,0.818,0.837,0.837,0.837,0.85,0.791,0.819,0.846,0.767,0.805,0.846,0.767,0.805,0.846,0.767,0.805
SEIR01_sl250_mr025_nv10_13,0.571,0.667,0.615,0.5,0.5,0.5,0.5,0.333,0.4,0.5,0.333,0.4,0.5,0.333,0.4,0.5,0.333,0.4
SEIR01_sl250_mr025_nv10_14,0.625,0.543,0.581,0.625,0.543,0.581,0.641,0.543,0.588,0.686,0.522,0.593,0.686,0.522,0.593,0.727,0.522,0.608
SEIR01_sl250_mr025_nv10_15,0.6,0.857,0.706,0.667,0.857,0.75,0.667,0.857,0.75,0.667,0.857,0.75,0.667,0.857,0.75,0.667,0.857,0.75
SEIR01_sl250_mr025_nv10_16,0.475,0.63,0.542,0.51,0.565,0.536,0.489,0.478,0.484,0.487,0.413,0.447,0.487,0.413,0.447,0.487,0.413,0.447
SEIR01_sl250_mr025_nv10_17,0.417,0.625,0.5,0.333,0.375,0.353,0.286,0.25,0.267,0.286,0.25,0.267,0.25,0.125,0.167,0.333,0.125,0.182
SEIR01_sl250_mr025_nv10_18,0.694,0.781,0.735,0.735,0.781,0.758,0.727,0.75,0.738,0.71,0.688,0.698,0.733,0.688,0.71,0.733,0.688,0.71
SEIR01_sl250_mr025_nv10_19,0.714,0.833,0.769,0.714,0.833,0.769,0.778,0.583,0.667,0.778,0.583,0.667,0.778,0.583,0.667,0.778,0.583,0.667
SEIR01_sl250_mr025_nv10_2,0.714,0.714,0.714,0.692,0.643,0.667,0.75,0.643,0.692,0.75,0.643,0.692,0.75,0.643,0.692,0.727,0.571,0.64
SEIR01_sl250_mr025_nv10_20,0.619,0.722,0.667,0.65,0.722,0.684,0.786,0.611,0.688,0.917,0.611,0.733,0.917,0.611,0.733,0.917,0.611,0.733
SEIR01_sl250_mr025_nv10_3,0.69,0.741,0.714,0.69,0.741,0.714,0.704,0.704,0.704,0.692,0.667,0.679,0.692,0.667,0.679,0.692,0.667,0.679
SEIR01_sl250_mr025_nv10_4,0.812,0.929,0.867,0.812,0.929,0.867,0.786,0.786,0.786,0.786,0.786,0.786,0.786,0.786,0.786,0.786,0.786,0.786
SEIR01_sl250_mr025_nv10_5,0.689,0.756,0.721,0.689,0.756,0.721,0.683,0.683,0.683,0.675,0.659,0.667,0.667,0.634,0.65,0.667,0.634,0.65
SEIR01_sl250_mr025_nv10_6,0.63,0.773,0.694,0.63,0.773,0.694,0.654,0.773,0.708,0.667,0.727,0.696,0.652,0.682,0.667,0.636,0.636,0.636
SEIR01_sl250_mr025_nv10_7,0.706,0.857,0.774,0.706,0.857,0.774,0.706,0.857,0.774,0.706,0.857,0.774,0.706,0.857,0.774,0.706,0.857,0.774
SEIR01_sl250_mr025_nv10_8,0.643,0.794,0.711,0.634,0.765,0.693,0.684,0.765,0.722,0.703,0.765,0.732,0.703,0.765,0.732,0.703,0.765,0.732
SEIR01_sl250_mr025_nv10_9,0.761,0.836,0.797,0.758,0.82,0.787,0.732,0.672,0.701,0.722,0.639,0.678,0.717,0.623,0.667,0.717,0.623,0.667
SEIR01_sl500_mr025_nv10_1,0.625,0.5,0.556,0.714,0.5,0.588,0.714,0.5,0.588,0.833,0.5,0.625,0.833,0.5,0.625,0.833,0.5,0.625
SEIR01_sl500_mr025_nv10_10,0.786,0.786,0.786,0.769,0.714,0.741,0.75,0.643,0.692,0.778,0.5,0.609,0.778,0.5,0.609,0.778,0.5,0.609
SEIR01_sl500_mr025_nv10_11,0.824,0.824,0.824,0.824,0.824,0.824,0.824,0.824,0.824,0.824,0.824,0.824,0.824,0.824,0.824,0.824,0.824,0.824
SEIR01_sl500_mr025_nv10_12,0.868,0.902,0.885,0.898,0.863,0.88,0.932,0.804,0.863,0.95,0.745,0.835,0.95,0.745,0.835,0.95,0.745,0.835
SEIR01_sl500_mr025_nv10_13,0.824,0.7,0.757,0.875,0.7,0.778,0.857,0.6,0.706,0.846,0.55,0.667,0.833,0.5,0.625,0.833,0.5,0.625
SEIR01_sl500_mr025_nv10_14,0.667,0.667,0.667,0.667,0.667,0.667,1,0.667,0.8,1,0.667,0.8,1,0.667,0.8,1,0.667,0.8
SEIR01_sl500_mr025_nv10_15,0.828,0.828,0.828,0.842,0.828,0.835,0.863,0.759,0.807,0.884,0.655,0.752,0.905,0.655,0.76,0.905,0.655,0.76
SEIR01_sl500_mr025_nv10_16,0.857,0.8,0.828,0.857,0.8,0.828,0.833,0.667,0.741,0.818,0.6,0.692,0.818,0.6,0.692,0.818,0.6,0.692
SEIR01_sl500_mr025_nv10_17,0.4,0.333,0.364,0.5,0.333,0.4,0.667,0.333,0.444,0.667,0.333,0.444,0.667,0.333,0.444,0.667,0.333,0.444
SEIR01_sl500_mr025_nv10_18,0.333,0.333,0.333,0.4,0.333,0.364,0.5,0.333,0.4,0.5,0.167,0.25,0.5,0.167,0.25,0.5,0.167,0.25
SEIR01_sl500_mr025_nv10_19,0.6,0.75,0.667,0.625,0.625,0.625,0.625,0.625,0.625,0.625,0.625,0.625,0.625,0.625,0.625,0.625,0.625,0.625
SEIR01_sl500_mr025_nv10_2,0.625,0.625,0.625,0.571,0.5,0.533,0.8,0.5,0.615,0.8,0.5,0.615,0.8,0.5,0.615,0.8,0.5,0.615
SEIR01_sl500_mr025_nv10_20,0.821,0.719,0.767,0.815,0.688,0.746,0.818,0.562,0.667,0.842,0.5,0.627,0.842,0.5,0.627,0.842,0.5,0.627
SEIR01_sl500_mr025_nv10_3,0.864,0.905,0.884,0.85,0.81,0.829,0.85,0.81,0.829,0.895,0.81,0.85,0.895,0.81,0.85,0.895,0.81,0.85
SEIR01_sl500_mr025_nv10_4,0.75,0.857,0.8,0.714,0.714,0.714,0.833,0.714,0.769,1,0.714,0.833,1,0.714,0.833,1,0.714,0.833
SEIR01_sl500_mr025_nv10_5,1,0.8,0.889,1,0.8,0.889,1,0.8,0.889,1,0.8,0.889,1,0.6,0.75,1,0.6,0.75
SEIR01_sl500_mr025_nv10_6,0.917,0.83,0.871,0.917,0.83,0.871,0.911,0.774,0.837,0.909,0.755,0.825,0.909,0.755,0.825,0.909,0.755,0.825
SEIR01_sl500_mr025_nv10_7,0.829,0.853,0.841,0.844,0.794,0.818,0.867,0.765,0.812,0.867,0.765,0.812,0.867,0.765,0.812,0.867,0.765,0.812
SEIR01_sl500_mr025_nv10_8,0.737,0.875,0.8,0.737,0.875,0.8,0.737,0.875,0.8,0.737,0.875,0.8,0.737,0.875,0.8,0.737,0.875,0.8
SEIR01_sl500_mr025_nv10_9,0.778,0.778,0.778,0.778,0.778,0.778,0.778,0.778,0.778,0.778,0.778,0.778,0.778,0.778,0.778,0.778,0.778,0.778
SIR003_sl1000_mr025_nv10_1,0.833,0.714,0.769,0.818,0.643,0.72,0.818,0.643,0.72,0.818,0.643,0.72,0.9,0.643,0.75,0.9,0.643,0.75
SIR003_sl1000_mr025_nv10_10,0.833,0.769,0.8,0.9,0.692,0.783,1,0.615,0.762,1,0.615,0.762,1,0.538,0.7,1,0.538,0.7
SIR003_sl1000_mr025_nv10_11,0.696,0.533,0.604,0.727,0.533,0.615,0.842,0.533,0.653,0.875,0.467,0.609,1,0.467,0.636,1,0.467,0.636
SIR003_sl1000_mr025_nv10_12,0.826,0.776,0.8,0.86,0.755,0.804,0.943,0.673,0.786,1,0.571,0.727,1,0.571,0.727,1,0.571,0.727
SIR003_sl1000_mr025_nv10_13,0.667,0.364,0.471,0.667,0.364,0.471,0.75,0.273,0.4,0.75,0.273,0.4,0.75,0.273,0.4,0.75,0.273,0.4
SIR003_sl1000_mr025_nv10_14,0.846,0.733,0.786,0.917,0.733,0.815,1,0.533,0.696,1,0.467,0.636,1,0.467,0.636,1,0.467,0.636
SIR003_sl1000_mr025_nv10_15,0.722,0.542,0.619,0.722,0.542,0.619,0.765,0.542,0.634,0.867,0.542,0.667,0.867,0.542,0.667,0.867,0.542,0.667
SIR003_sl1000_mr025_nv10_16,0.688,0.647,0.667,0.769,0.588,0.667,0.833,0.588,0.69,0.889,0.471,0.615,0.889,0.471,0.615,0.889,0.471,0.615
SIR003_sl1000_mr025_nv10_17,0.818,0.783,0.8,0.85,0.739,0.791,0.889,0.696,0.78,0.941,0.696,0.8,0.941,0.696,0.8,0.941,0.696,0.8
SIR003_sl1000_mr025_nv10_18,1,1,1,1,1,1,1,0.6,0.75,1,0.6,0.75,1,0.6,0.75,1,0.6,0.75
SIR003_sl1000_mr025_nv10_19,0.739,0.708,0.723,0.773,0.708,0.739,0.875,0.583,0.7,1,0.542,0.703,1,0.5,0.667,1,0.5,0.667
SIR003_sl1000_mr025_nv10_2,0.875,0.737,0.8,0.875,0.737,0.8,0.875,0.737,0.8,0.875,0.737,0.8,0.933,0.737,0.824,1,0.737,0.848
SIR003_sl1000_mr025_nv10_20,0.667,0.667,0.667,0.667,0.667,0.667,0.833,0.556,0.667,0.8,0.444,0.571,0.8,0.444,0.571,0.8,0.444,0.571
SIR003_sl1000_mr025_nv10_3,1,0.731,0.844,1,0.731,0.844,1,0.731,0.844,1,0.731,0.844,1,0.731,0.844,1,0.731,0.844
SIR003_sl1000_mr025_nv10_4,0.875,0.677,0.764,0.875,0.677,0.764,0.95,0.613,0.745,1,0.548,0.708,1,0.516,0.681,1,0.516,0.681
SIR003_sl1000_mr025_nv10_5,0.714,0.714,0.714,0.833,0.714,0.769,0.833,0.714,0.769,0.833,0.714,0.769,0.833,0.714,0.769,0.833,0.714,0.769
SIR003_sl1000_mr025_nv10_6,0.882,0.652,0.75,0.875,0.609,0.718,0.929,0.565,0.703,0.923,0.522,0.667,0.923,0.522,0.667,0.923,0.522,0.667
SIR003_sl1000_mr025_nv10_7,0.643,0.562,0.6,0.643,0.562,0.6,0.7,0.438,0.538,0.75,0.375,0.5,0.75,0.375,0.5,0.75,0.375,0.5
SIR003_sl1000_mr025_nv10_8,0.867,0.867,0.867,0.857,0.8,0.828,0.857,0.8,0.828,0.923,0.8,0.857,0.923,0.8,0.857,0.923,0.8,0.857
SIR003_sl1000_mr025_nv10_9,0.842,0.571,0.681,0.842,0.571,0.681,0.867,0.464,0.605,0.929,0.464,0.619,1,0.464,0.634,1,0.464,0.634
SIR003_sl1000_mr05_nv10_1,0.733,0.647,0.688,0.786,0.647,0.71,0.846,0.647,0.733,0.909,0.588,0.714,0.909,0.588,0.714,0.909,0.588,0.714
SIR003_sl1000_mr05_nv10_10,0.846,0.846,0.846,0.846,0.846,0.846,1,0.846,0.917,1,0.846,0.917,1,0.846,0.917,1,0.846,0.917
SIR003_sl1000_mr05_nv10_11,0.667,0.629,0.647,0.688,0.629,0.657,0.76,0.543,0.633,0.81,0.486,0.607,0.81,0.486,0.607,0.81,0.486,0.607
SIR003_sl1000_mr05_nv10_12,0.88,0.8,0.838,0.88,0.8,0.838,0.955,0.764,0.848,0.976,0.727,0.833,0.976,0.727,0.833,0.976,0.727,0.833
SIR003_sl1000_mr05_nv10_13,0.894,0.75,0.816,0.891,0.732,0.804,0.947,0.643,0.766,0.968,0.536,0.69,0.968,0.536,0.69,0.968,0.536,0.69
SIR003_sl1000_mr05_nv10_14,1,1,1,1,1,1,1,1,1,1,1,1,1,1,1,1,1,1
SIR003_sl1000_mr05_nv10_15,0.923,0.923,0.923,0.923,0.923,0.923,1,0.692,0.818,1,0.692,0.818,1,0.692,0.818,1,0.692,0.818
SIR003_sl1000_mr05_nv10_16,0.882,0.6,0.714,0.882,0.6,0.714,1,0.52,0.684,1,0.52,0.684,1,0.48,0.649,1,0.48,0.649
SIR003_sl1000_mr05_nv10_17,0.75,0.429,0.545,0.714,0.357,0.476,0.714,0.357,0.476,0.833,0.357,0.5,0.833,0.357,0.5,0.833,0.357,0.5
SIR003_sl1000_mr05_nv10_18,0.762,0.696,0.727,0.789,0.652,0.714,0.882,0.652,0.75,0.933,0.609,0.737,0.933,0.609,0.737,0.933,0.609,0.737
SIR003_sl1000_mr05_nv10_19,0.833,0.811,0.822,0.829,0.784,0.806,0.829,0.784,0.806,0.871,0.73,0.794,0.871,0.73,0.794,0.871,0.73,0.794
SIR003_sl1000_mr05_nv10_2,0.933,0.933,0.933,0.933,0.933,0.933,1,0.933,0.966,1,0.867,0.929,1,0.867,0.929,1,0.867,0.929
SIR003_sl1000_mr05_nv10_20,0.75,0.333,0.462,0.667,0.222,0.333,0.667,0.222,0.333,0.667,0.222,0.333,1,0.222,0.364,1,0.222,0.364
SIR003_sl1000_mr05_nv10_3,0.875,0.7,0.778,0.875,0.7,0.778,1,0.7,0.824,1,0.6,0.75,1,0.6,0.75,1,0.6,0.75
SIR003_sl1000_mr05_nv10_4,0.846,0.846,0.846,0.846,0.846,0.846,0.846,0.846,0.846,0.846,0.846,0.846,0.846,0.846,0.846,0.846,0.846,0.846
SIR003_sl1000_mr05_nv10_5,0.645,0.435,0.519,0.621,0.391,0.48,0.636,0.304,0.412,0.714,0.217,0.333,0.75,0.196,0.31,0.75,0.196,0.31
SIR003_sl1000_mr05_nv10_6,0.722,0.619,0.667,0.722,0.619,0.667,0.786,0.524,0.629,0.846,0.524,0.647,1,0.524,0.688,1,0.524,0.688
SIR003_sl1000_mr05_nv10_7,0.857,0.783,0.818,0.857,0.783,0.818,0.882,0.652,0.75,1,0.652,0.789,1,0.652,0.789,1,0.652,0.789
SIR003_sl1000_mr05_nv10_8,0.805,0.717,0.759,0.821,0.696,0.753,0.926,0.543,0.685,1,0.457,0.627,1,0.457,0.627,1,0.457,0.627
SIR003_sl1000_mr05_nv10_9,0.867,0.433,0.578,0.867,0.433,0.578,0.923,0.4,0.558,0.917,0.367,0.524,1,0.367,0.537,1,0.367,0.537
SIR003_sl1000_mr05_nv20_1,0.806,0.714,0.758,0.793,0.657,0.719,0.905,0.543,0.679,0.95,0.543,0.691,1,0.543,0.704,1,0.543,0.704
SIR003_sl1000_mr05_nv20_10,0.955,0.808,0.875,0.955,0.808,0.875,0.975,0.75,0.848,0.974,0.731,0.835,1,0.731,0.844,1,0.731,0.844
SIR003_sl1000_mr05_nv20_11,1,0.4,0.571,1,0.4,0.571,1,0.4,0.571,1,0.4,0.571,1,0.4,0.571,1,0.4,0.571
SIR003_sl1000_mr05_nv20_12,0.792,0.691,0.738,0.826,0.691,0.752,0.892,0.6,0.717,0.903,0.509,0.651,0.903,0.509,0.651,0.903,0.509,0.651
SIR003_sl1000_mr05_nv20_13,0.864,0.704,0.776,0.86,0.685,0.763,0.9,0.667,0.766,0.895,0.63,0.739,0.892,0.611,0.725,0.892,0.611,0.725
SIR003_sl1000_mr05_nv20_14,0.9,0.9,0.9,1,0.9,0.947,1,0.9,0.947,1,0.9,0.947,1,0.9,0.947,1,0.9,0.947
SIR003_sl1000_mr05_nv20_15,0.867,0.684,0.765,1,0.684,0.813,1,0.684,0.813,1,0.632,0.774,1,0.632,0.774,1,0.632,0.774
SIR003_sl1000_mr05_nv20_16,0.857,0.698,0.769,0.882,0.698,0.779,0.935,0.674,0.784,0.964,0.628,0.761,0.964,0.628,0.761,0.964,0.628,0.761
SIR003_sl1000_mr05_nv20_17,0.833,0.7,0.761,0.875,0.7,0.778,0.917,0.66,0.767,0.969,0.62,0.756,0.969,0.62,0.756,0.969,0.62,0.756
SIR003_sl1000_mr05_nv20_18,0.818,0.711,0.761,0.844,0.711,0.771,0.958,0.605,0.742,1,0.553,0.712,1,0.553,0.712,1,0.553,0.712
SIR003_sl1000_mr05_nv20_19,0.844,0.73,0.783,0.867,0.703,0.776,0.955,0.568,0.712,1,0.541,0.702,1,0.541,0.702,1,0.541,0.702
SIR003_sl1000_mr05_nv20_2,0.805,0.673,0.733,0.842,0.653,0.736,0.897,0.531,0.667,0.929,0.531,0.675,0.929,0.531,0.675,0.929,0.531,0.675
SIR003_sl1000_mr05_nv20_20,0.857,0.857,0.857,0.857,0.857,0.857,0.833,0.714,0.769,1,0.714,0.833,1,0.714,0.833,1,0.714,0.833
SIR003_sl1000_mr05_nv20_3,0.8,0.615,0.696,0.889,0.615,0.727,1,0.538,0.7,1,0.538,0.7,1,0.538,0.7,1,0.538,0.7
SIR003_sl1000_mr05_nv20_4,0.839,0.812,0.825,0.867,0.812,0.839,0.917,0.688,0.786,1,0.656,0.792,1,0.656,0.792,1,0.656,0.792
SIR003_sl1000_mr05_nv20_5,0.842,0.667,0.744,0.842,0.667,0.744,0.882,0.625,0.732,0.882,0.625,0.732,0.882,0.625,0.732,0.882,0.625,0.732
SIR003_sl1000_mr05_nv20_6,0.909,0.714,0.8,1,0.714,0.833,1,0.714,0.833,1,0.643,0.783,1,0.643,0.783,1,0.643,0.783
SIR003_sl1000_mr05_nv20_7,0.818,0.75,0.783,0.9,0.75,0.818,0.875,0.583,0.7,1,0.5,0.667,1,0.5,0.667,1,0.5,0.667
SIR003_sl1000_mr05_nv20_8,0.708,0.63,0.667,0.708,0.63,0.667,0.75,0.556,0.638,0.882,0.556,0.682,0.882,0.556,0.682,0.882,0.556,0.682
SIR003_sl1000_mr05_nv20_9,0.833,0.75,0.789,0.833,0.75,0.789,0.906,0.725,0.806,0.9,0.675,0.771,0.9,0.675,0.771,0.9,0.675,0.771
SIR003_sl1000_mr05_nv5_1,0.781,0.714,0.746,0.8,0.686,0.738,0.833,0.571,0.678,1,0.486,0.654,1,0.486,0.654,1,0.486,0.654
SIR003_sl1000_mr05_nv5_10,0.909,0.732,0.811,0.909,0.732,0.811,1,0.561,0.719,1,0.537,0.698,1,0.512,0.677,1,0.512,0.677
SIR003_sl1000_mr05_nv5_11,0.74,0.597,0.661,0.771,0.597,0.673,0.829,0.468,0.598,0.897,0.419,0.571,0.897,0.419,0.571,0.897,0.419,0.571
SIR003_sl1000_mr05_nv5_12,1,1,1,1,0.833,0.909,1,0.833,0.909,1,0.833,0.909,1,0.833,0.909,1,0.833,0.909
SIR003_sl1000_mr05_nv5_13,0.833,0.909,0.87,0.818,0.818,0.818,0.9,0.818,0.857,1,0.727,0.842,1,0.727,0.842,1,0.727,0.842
SIR003_sl1000_mr05_nv5_14,0.773,0.586,0.667,0.773,0.586,0.667,0.778,0.483,0.596,0.778,0.483,0.596,0.765,0.448,0.565,0.765,0.448,0.565
SIR003_sl1000_mr05_nv5_15,0.84,0.677,0.75,0.875,0.677,0.764,0.939,0.5,0.653,0.967,0.468,0.63,1,0.435,0.607,1,0.435,0.607
SIR003_sl1000_mr05_nv5_16,0.833,0.833,0.833,0.8,0.667,0.727,1,0.5,0.667,1,0.333,0.5,1,0.333,0.5,1,0.333,0.5
SIR003_sl1000_mr05_nv5_17,0.75,0.562,0.643,0.794,0.562,0.659,0.88,0.458,0.603,0.952,0.417,0.58,1,0.417,0.588,1,0.417,0.588
SIR003_sl1000_mr05_nv5_18,0.812,0.812,0.812,0.8,0.75,0.774,0.75,0.562,0.643,1,0.5,0.667,1,0.5,0.667,1,0.5,0.667
SIR003_sl1000_mr05_nv5_19,0.655,0.559,0.603,0.667,0.529,0.59,0.75,0.529,0.621,0.875,0.412,0.56,0.933,0.412,0.571,0.933,0.412,0.571
SIR003_sl1000_mr05_nv5_2,0.667,0.667,0.667,0.727,0.667,0.696,0.75,0.5,0.6,0.667,0.333,0.444,0.667,0.333,0.444,0.667,0.333,0.444
SIR003_sl1000_mr05_nv5_20,0.75,0.692,0.72,0.75,0.692,0.72,0.667,0.462,0.545,0.8,0.308,0.444,1,0.308,0.471,1,0.308,0.471
SIR003_sl1000_mr05_nv5_3,0.75,0.75,0.75,0.714,0.625,0.667,0.75,0.375,0.5,1,0.375,0.545,1,0.375,0.545,1,0.375,0.545
SIR003_sl1000_mr05_nv5_4,1,0.786,0.88,1,0.786,0.88,1,0.786,0.88,1,0.786,0.88,1,0.786,0.88,1,0.786,0.88
SIR003_sl1000_mr05_nv5_5,1,0.636,0.778,1,0.636,0.778,1,0.455,0.625,1,0.455,0.625,1,0.455,0.625,1,0.455,0.625
SIR003_sl1000_mr05_nv5_6,0.8,0.364,0.5,0.8,0.364,0.5,0.8,0.364,0.5,0.75,0.273,0.4,0.75,0.273,0.4,0.75,0.273,0.4
SIR003_sl1000_mr05_nv5_7,0.811,0.581,0.677,0.84,0.568,0.677,0.841,0.5,0.627,0.971,0.459,0.624,0.971,0.446,0.611,1,0.446,0.617
SIR003_sl1000_mr05_nv5_8,0.923,0.48,0.632,0.923,0.48,0.632,1,0.4,0.571,1,0.32,0.485,1,0.32,0.485,1,0.32,0.485
SIR003_sl1000_mr05_nv5_9,0.652,0.625,0.638,0.65,0.542,0.591,0.611,0.458,0.524,0.647,0.458,0.537,0.688,0.458,0.55,0.688,0.458,0.55
SIR003_sl1000_mr1_nv10_1,0.733,0.647,0.688,0.786,0.647,0.71,1,0.588,0.741,1,0.471,0.64,1,0.471,0.64,1,0.471,0.64
SIR003_sl1000_mr1_nv10_10,0.625,0.455,0.526,0.625,0.455,0.526,0.625,0.455,0.526,0.625,0.455,0.526,0.625,0.455,0.526,0.625,0.455,0.526
SIR003_sl1000_mr1_nv10_11,0.7,0.7,0.7,0.857,0.6,0.706,0.857,0.6,0.706,1,0.6,0.75,1,0.6,0.75,1,0.6,0.75
SIR003_sl1000_mr1_nv10_12,0.522,0.444,0.48,0.545,0.444,0.49,0.632,0.444,0.522,0.714,0.37,0.488,0.769,0.37,0.5,0.769,0.37,0.5
SIR003_sl1000_mr1_nv10_13,0.167,0.167,0.167,0.167,0.167,0.167,0.167,0.167,0.167,0.167,0.167,0.167,0.167,0.167,0.167,0.167,0.167,0.167
SIR003_sl1000_mr1_nv10_14,0.9,0.75,0.818,0.929,0.722,0.813,0.955,0.583,0.724,0.952,0.556,0.702,0.952,0.556,0.702,0.952,0.556,0.702
SIR003_sl1000_mr1_nv10_15,0.636,0.636,0.636,0.636,0.636,0.636,0.778,0.636,0.7,0.714,0.455,0.556,0.714,0.455,0.556,0.714,0.455,0.556
SIR003_sl1000_mr1_nv10_16,0.769,0.5,0.606,0.769,0.5,0.606,0.769,0.5,0.606,0.769,0.5,0.606,0.769,0.5,0.606,0.769,0.5,0.606
SIR003_sl1000_mr1_nv10_17,0.786,0.688,0.733,0.815,0.688,0.746,0.864,0.594,0.704,0.864,0.594,0.704,0.864,0.594,0.704,0.864,0.594,0.704
SIR003_sl1000_mr1_nv10_18,0.926,0.758,0.833,0.923,0.727,0.814,0.917,0.667,0.772,0.95,0.576,0.717,1,0.545,0.706,1,0.545,0.706
SIR003_sl1000_mr1_nv10_19,0.837,0.641,0.726,0.837,0.641,0.726,0.875,0.547,0.673,1,0.484,0.653,1,0.484,0.653,1,0.484,0.653
SIR003_sl1000_mr1_nv10_2,0.727,0.635,0.678,0.769,0.635,0.696,0.829,0.54,0.654,0.938,0.476,0.632,0.935,0.46,0.617,0.935,0.46,0.617
SIR003_sl1000_mr1_nv10_20,0.804,0.652,0.72,0.818,0.652,0.726,0.875,0.609,0.718,0.947,0.522,0.673,0.973,0.522,0.679,0.973,0.522,0.679
SIR003_sl1000_mr1_nv10_3,0.792,0.826,0.809,0.783,0.783,0.783,0.941,0.696,0.8,1,0.609,0.757,1,0.609,0.757,1,0.609,0.757
SIR003_sl1000_mr1_nv10_4,0.923,0.828,0.873,0.923,0.828,0.873,1,0.759,0.863,1,0.724,0.84,1,0.724,0.84,1,0.724,0.84
SIR003_sl1000_mr1_nv10_5,1,0.556,0.714,1,0.556,0.714,1,0.556,0.714,1,0.556,0.714,1,0.556,0.714,1,0.556,0.714
SIR003_sl1000_mr1_nv10_6,0.909,0.667,0.769,0.909,0.667,0.769,0.952,0.667,0.784,1,0.6,0.75,1,0.567,0.723,1,0.567,0.723
SIR003_sl1000_mr1_nv10_7,0.833,0.625,0.714,0.833,0.625,0.714,0.833,0.625,0.714,1,0.625,0.769,1,0.625,0.769,1,0.625,0.769
SIR003_sl1000_mr1_nv10_8,0.897,0.743,0.812,0.897,0.743,0.812,0.96,0.686,0.8,0.958,0.657,0.78,0.958,0.657,0.78,0.958,0.657,0.78
SIR003_sl1000_mr1_nv10_9,1,0.667,0.8,1,0.667,0.8,1,0.667,0.8,1,0.667,0.8,1,0.667,0.8,1,0.667,0.8
SIR003_sl250_mr05_nv10_1,0.606,0.625,0.615,0.633,0.594,0.613,0.621,0.562,0.59,0.692,0.562,0.621,0.692,0.562,0.621,0.692,0.562,0.621
SIR003_sl250_mr05_nv10_10,0.526,0.526,0.526,0.529,0.474,0.5,0.529,0.474,0.5,0.562,0.474,0.514,0.643,0.474,0.545,0.643,0.474,0.545
SIR003_sl250_mr05_nv10_11,0.5,0.417,0.455,0.571,0.333,0.421,0.571,0.333,0.421,0.5,0.25,0.333,0.5,0.25,0.333,0.5,0.25,0.333
SIR003_sl250_mr05_nv10_12,0.4,0.462,0.429,0.462,0.462,0.462,0.545,0.462,0.5,0.545,0.462,0.5,0.545,0.462,0.5,0.545,0.462,0.5
SIR003_sl250_mr05_nv10_13,0.75,0.429,0.545,0.75,0.429,0.545,0.75,0.429,0.545,0.75,0.429,0.545,0.75,0.429,0.545,0.75,0.429,0.545
SIR003_sl250_mr05_nv10_14,0.75,0.75,0.75,0.75,0.75,0.75,0.667,0.5,0.571,0.667,0.5,0.571,0.667,0.5,0.571,0.667,0.5,0.571
SIR003_sl250_mr05_nv10_15,0.857,0.75,0.8,0.857,0.75,0.8,0.857,0.75,0.8,0.857,0.75,0.8,0.833,0.625,0.714,1,0.625,0.769
SIR003_sl250_mr05_nv10_16,0.538,0.636,0.583,0.538,0.636,0.583,0.75,0.545,0.632,0.833,0.455,0.588,0.833,0.455,0.588,0.833,0.455,0.588
SIR003_sl250_mr05_nv10_17,0.689,0.689,0.689,0.714,0.667,0.69,0.692,0.6,0.643,0.75,0.6,0.667,0.743,0.578,0.65,0.743,0.578,0.65
SIR003_sl250_mr05_nv10_18,0.7,0.519,0.596,0.722,0.481,0.578,0.786,0.407,0.537,0.786,0.407,0.537,0.786,0.407,0.537,0.786,0.407,0.537
SIR003_sl250_mr05_nv10_19,0.381,0.32,0.348,0.4,0.32,0.356,0.389,0.28,0.326,0.375,0.24,0.293,0.375,0.24,0.293,0.429,0.24,0.308
SIR003_sl250_mr05_nv10_2,0.786,0.786,0.786,0.769,0.714,0.741,0.75,0.643,0.692,0.75,0.643,0.692,0.75,0.643,0.692,0.75,0.643,0.692
SIR003_sl250_mr05_nv10_20,0.641,0.61,0.625,0.632,0.585,0.608,0.613,0.463,0.528,0.654,0.415,0.507,0.654,0.415,0.507,0.64,0.39,0.485
SIR003_sl250_mr05_nv10_3,0.9,0.818,0.857,0.9,0.818,0.857,0.889,0.727,0.8,0.889,0.727,0.8,0.889,0.727,0.8,0.889,0.727,0.8
SIR003_sl250_mr05_nv10_4,0.769,0.833,0.8,0.75,0.75,0.75,0.75,0.75,0.75,0.818,0.75,0.783,0.818,0.75,0.783,0.818,0.75,0.783
SIR003_sl250_mr05_nv10_5,0.739,0.773,0.756,0.727,0.727,0.727,0.714,0.682,0.698,0.778,0.636,0.7,0.778,0.636,0.7,0.778,0.636,0.7
SIR003_sl250_mr05_nv10_6,0.8,0.727,0.762,0.828,0.727,0.774,0.905,0.576,0.704,0.9,0.545,0.679,0.9,0.545,0.679,0.9,0.545,0.679
SIR003_sl250_mr05_nv10_7,0.465,0.435,0.449,0.487,0.413,0.447,0.515,0.37,0.43,0.567,0.37,0.447,0.586,0.37,0.453,0.607,0.37,0.459
SIR003_sl250_mr05_nv10_8,0.45,0.529,0.486,0.444,0.471,0.457,0.538,0.412,0.467,0.545,0.353,0.429,0.545,0.353,0.429,0.545,0.353,0.429
SIR003_sl250_mr05_nv10_9,0.417,0.556,0.476,0.455,0.556,0.5,0.556,0.556,0.556,0.556,0.556,0.556,0.571,0.444,0.5,0.571,0.444,0.5
SIR003_sl500_mr05_nv10_1,0.857,0.857,0.857,0.833,0.714,0.769,1,0.571,0.727,1,0.571,0.727,1,0.571,0.727,1,0.571,0.727
SIR003_sl500_mr05_nv10_10,0.741,0.513,0.606,0.741,0.513,0.606,0.8,0.41,0.542,0.875,0.359,0.509,0.875,0.359,0.509,0.933,0.359,0.519
SIR003_sl500_mr05_nv10_11,0.833,0.833,0.833,0.833,0.833,0.833,0.8,0.667,0.727,0.75,0.5,0.6,0.75,0.5,0.6,0.75,0.5,0.6
SIR003_sl500_mr05_nv10_12,0.739,0.654,0.694,0.81,0.654,0.723,0.895,0.654,0.756,0.882,0.577,0.698,0.875,0.538,0.667,0.933,0.538,0.683
SIR003_sl500_mr05_nv10_13,0.767,0.688,0.725,0.784,0.604,0.682,0.812,0.542,0.65,0.958,0.479,0.639,0.957,0.458,0.62,0.957,0.458,0.62
SIR003_sl500_mr05_nv10_14,0.714,0.606,0.656,0.741,0.606,0.667,0.783,0.545,0.643,0.85,0.515,0.642,0.85,0.515,0.642,0.85,0.515,0.642
SIR003_sl500_mr05_nv10_15,0.947,0.947,0.947,1,0.947,0.973,1,0.842,0.914,1,0.737,0.848,1,0.737,0.848,1,0.737,0.848
SIR003_sl500_mr05_nv10_16,0.538,0.583,0.56,0.636,0.583,0.609,0.625,0.417,0.5,0.5,0.25,0.333,0.5,0.25,0.333,0.5,0.25,0.333
SIR003_sl500_mr05_nv10_17,0.727,0.8,0.762,0.7,0.7,0.7,0.75,0.6,0.667,0.714,0.5,0.588,0.833,0.5,0.625,0.833,0.5,0.625
SIR003_sl500_mr05_nv10_18,0.846,0.846,0.846,0.846,0.846,0.846,0.909,0.769,0.833,1,0.692,0.818,1,0.692,0.818,1,0.692,0.818
SIR003_sl500_mr05_nv10_19,0.692,0.6,0.643,0.7,0.583,0.636,0.711,0.533,0.61,0.756,0.517,0.614,0.756,0.517,0.614,0.756,0.517,0.614
SIR003_sl500_mr05_nv10_2,0.818,0.794,0.806,0.844,0.794,0.818,0.963,0.765,0.852,0.962,0.735,0.833,0.962,0.735,0.833,0.962,0.735,0.833
SIR003_sl500_mr05_nv10_20,0.667,0.5,0.571,0.667,0.5,0.571,0.6,0.375,0.462,0.75,0.375,0.5,1,0.375,0.545,1,0.375,0.545
SIR003_sl500_mr05_nv10_3,0.846,0.759,0.8,0.875,0.724,0.792,0.875,0.724,0.792,0.875,0.724,0.792,0.875,0.724,0.792,0.875,0.724,0.792
SIR003_sl500_mr05_nv10_4,0.8,0.615,0.696,0.8,0.615,0.696,0.824,0.538,0.651,0.875,0.538,0.667,0.875,0.538,0.667,0.875,0.538,0.667
SIR003_sl500_mr05_nv10_5,0.889,0.8,0.842,0.857,0.6,0.706,0.857,0.6,0.706,0.857,0.6,0.706,1,0.6,0.75,1,0.5,0.667
SIR003_sl500_mr05_nv10_6,0.789,0.714,0.75,0.882,0.714,0.789,0.923,0.571,0.706,0.909,0.476,0.625,0.909,0.476,0.625,0.909,0.476,0.625
SIR003_sl500_mr05_nv10_7,0.667,0.778,0.718,0.667,0.778,0.718,0.65,0.722,0.684,0.632,0.667,0.649,0.632,0.667,0.649,0.632,0.667,0.649
SIR003_sl500_mr05_nv10_8,0.667,0.667,0.667,0.714,0.667,0.69,0.818,0.6,0.692,0.778,0.467,0.583,0.778,0.467,0.583,0.778,0.467,0.583
SIR003_sl500_mr05_nv10_9,0.857,0.857,0.857,0.857,0.857,0.857,0.857,0.857,0.857,0.857,0.857,0.857,0.857,0.857,0.857,0.857,0.857,0.857
SIR01_sl1000_mr075_nv10_1,0.833,0.789,0.811,0.849,0.789,0.818,0.927,0.667,0.776,0.971,0.579,0.725,1,0.579,0.733,1,0.579,0.733
SIR01_sl1000_mr075_nv10_10,1,0.75,0.857,1,0.75,0.857,1,0.75,0.857,1,0.75,0.857,1,0.625,0.769,1,0.625,0.769
SIR01_sl1000_mr075_nv10_11,1,1,1,1,1,1,1,1,1,1,1,1,1,1,1,1,1,1
SIR01_sl1000_mr075_nv10_12,0.889,0.8,0.842,0.889,0.8,0.842,0.889,0.8,0.842,0.923,0.8,0.857,0.923,0.8,0.857,0.923,0.8,0.857
SIR01_sl1000_mr075_nv10_13,0.7,0.5,0.583,0.75,0.429,0.545,0.75,0.429,0.545,1,0.357,0.526,1,0.357,0.526,1,0.357,0.526
SIR01_sl1000_mr075_nv10_14,0.667,0.571,0.615,0.8,0.571,0.667,0.8,0.571,0.667,0.8,0.571,0.667,0.8,0.571,0.667,0.8,0.571,0.667
SIR01_sl1000_mr075_nv10_15,0.833,0.833,0.833,0.833,0.833,0.833,1,0.667,0.8,1,0.667,0.8,1,0.667,0.8,1,0.667,0.8
SIR01_sl1000_mr075_nv10_16,0.789,0.833,0.811,0.824,0.778,0.8,0.923,0.667,0.774,1,0.556,0.714,1,0.556,0.714,1,0.556,0.714
SIR01_sl1000_mr075_nv10_17,0.831,0.69,0.754,0.839,0.662,0.74,0.867,0.549,0.672,0.912,0.437,0.59,0.939,0.437,0.596,0.939,0.437,0.596
SIR01_sl1000_mr075_nv10_18,0.833,0.909,0.87,0.833,0.909,0.87,1,0.727,0.842,1,0.727,0.842,1,0.727,0.842,1,0.727,0.842
SIR01_sl1000_mr075_nv10_19,0.75,0.273,0.4,0.75,0.273,0.4,0.75,0.273,0.4,0.75,0.273,0.4,1,0.273,0.429,1,0.273,0.429
SIR01_sl1000_mr075_nv10_2,1,0.636,0.778,1,0.545,0.706,1,0.545,0.706,1,0.545,0.706,1,0.545,0.706,1,0.545,0.706
SIR01_sl1000_mr075_nv10_20,0.792,0.633,0.704,0.792,0.633,0.704,0.905,0.633,0.745,0.895,0.567,0.694,0.944,0.567,0.708,0.944,0.567,0.708
SIR01_sl1000_mr075_nv10_3,0.714,0.455,0.556,0.667,0.364,0.471,0.667,0.364,0.471,1,0.364,0.533,1,0.364,0.533,1,0.364,0.533
SIR01_sl1000_mr075_nv10_4,0.889,0.842,0.865,0.912,0.816,0.861,1,0.711,0.831,1,0.658,0.794,1,0.658,0.794,1,0.658,0.794
SIR01_sl1000_mr075_nv10_5,0.9,0.703,0.789,0.918,0.703,0.796,0.955,0.656,0.778,0.974,0.578,0.725,0.974,0.578,0.725,0.974,0.578,0.725
SIR01_sl1000_mr075_nv10_6,0.75,0.75,0.75,0.75,0.75,0.75,0.833,0.625,0.714,0.833,0.625,0.714,0.833,0.625,0.714,0.833,0.625,0.714
SIR01_sl1000_mr075_nv10_7,0.909,0.833,0.87,0.909,0.833,0.87,0.895,0.708,0.791,1,0.625,0.769,1,0.625,0.769,1,0.625,0.769
SIR01_sl1000_mr075_nv10_8,0.818,0.562,0.667,0.818,0.562,0.667,0.875,0.438,0.583,1,0.438,0.609,1,0.438,0.609,1,0.438,0.609
SIR01_sl1000_mr075_nv10_9,0.895,0.63,0.739,0.895,0.63,0.739,0.938,0.556,0.698,1,0.519,0.683,1,0.519,0.683,1,0.519,0.683
SIR01_sl1000_mr15_nv10_1,0.778,0.556,0.648,0.773,0.54,0.636,0.875,0.444,0.589,0.893,0.397,0.549,0.893,0.397,0.549,0.962,0.397,0.562
SIR01_sl1000_mr15_nv10_10,0.724,0.656,0.689,0.84,0.656,0.737,0.905,0.594,0.717,1,0.562,0.72,1,0.531,0.694,1,0.531,0.694
SIR01_sl1000_mr15_nv10_11,0.778,0.583,0.667,0.875,0.583,0.7,0.875,0.583,0.7,1,0.583,0.737,1,0.583,0.737,1,0.583,0.737
SIR01_sl1000_mr15_nv10_12,0.733,0.458,0.564,0.786,0.458,0.579,0.75,0.375,0.5,0.818,0.375,0.514,0.9,0.375,0.529,0.9,0.375,0.529
SIR01_sl1000_mr15_nv10_13,1,0.588,0.741,1,0.588,0.741,1,0.588,0.741,1,0.588,0.741,1,0.588,0.741,1,0.588,0.741
SIR01_sl1000_mr15_nv10_14,1,1,1,1,1,1,1,1,1,1,1,1,1,1,1,1,1,1
SIR01_sl1000_mr15_nv10_15,0.714,0.526,0.606,0.708,0.447,0.548,0.733,0.289,0.415,1,0.211,0.348,1,0.211,0.348,1,0.211,0.348
SIR01_sl1000_mr15_nv10_16,0.625,0.714,0.667,0.714,0.714,0.714,0.833,0.714,0.769,0.833,0.714,0.769,0.833,0.714,0.769,0.833,0.714,0.769
SIR01_sl1000_mr15_nv10_17,1,0.75,0.857,1,0.7,0.824,1,0.55,0.71,1,0.55,0.71,1,0.55,0.71,1,0.55,0.71
SIR01_sl1000_mr15_nv10_18,0.821,0.667,0.736,0.865,0.652,0.744,0.911,0.594,0.719,0.952,0.58,0.721,0.952,0.58,0.721,0.952,0.58,0.721
SIR01_sl1000_mr15_nv10_19,0.889,0.889,0.889,0.889,0.889,0.889,0.889,0.889,0.889,0.889,0.889,0.889,0.889,0.889,0.889,0.889,0.889,0.889
SIR01_sl1000_mr15_nv10_2,1,0.538,0.7,1,0.538,0.7,1,0.538,0.7,1,0.462,0.632,1,0.462,0.632,1,0.462,0.632
SIR01_sl1000_mr15_nv10_20,0.7,0.778,0.737,0.778,0.778,0.778,0.778,0.778,0.778,0.778,0.778,0.778,0.778,0.778,0.778,0.778,0.778,0.778
SIR01_sl1000_mr15_nv10_3,0.882,0.763,0.818,0.88,0.746,0.807,0.911,0.695,0.788,0.952,0.678,0.792,0.951,0.661,0.78,0.951,0.661,0.78
SIR01_sl1000_mr15_nv10_4,0.8,0.5,0.615,0.8,0.5,0.615,0.8,0.5,0.615,0.8,0.5,0.615,0.8,0.5,0.615,0.8,0.5,0.615
SIR01_sl1000_mr15_nv10_5,1,0.8,0.889,1,0.8,0.889,1,0.7,0.824,1,0.6,0.75,1,0.6,0.75,1,0.6,0.75
SIR01_sl1000_mr15_nv10_6,1,1,1,1,0.714,0.833,1,0.571,0.727,1,0.429,0.6,1,0.429,0.6,1,0.429,0.6
SIR01_sl1000_mr15_nv10_7,0.85,0.68,0.756,0.842,0.64,0.727,0.935,0.58,0.716,0.963,0.52,0.675,0.963,0.52,0.675,0.963,0.52,0.675
SIR01_sl1000_mr15_nv10_8,1,0.6,0.75,1,0.6,0.75,1,0.6,0.75,1,0.6,0.75,1,0.6,0.75,1,0.6,0.75
SIR01_sl1000_mr15_nv10_9,0.789,0.714,0.75,0.789,0.714,0.75,0.846,0.524,0.647,1,0.381,0.552,1,0.381,0.552,1,0.381,0.552
SIR01_sl1000_mr15_nv20_1,0.909,0.625,0.741,0.909,0.625,0.741,0.909,0.625,0.741,0.895,0.531,0.667,0.895,0.531,0.667,0.895,0.531,0.667
SIR01_sl1000_mr15_nv20_10,1,0.692,0.818,1,0.692,0.818,1,0.692,0.818,1,0.615,0.762,1,0.615,0.762,1,0.615,0.762
SIR01_sl1000_mr15_nv20_11,0.852,0.881,0.867,0.879,0.864,0.872,0.957,0.763,0.849,1,0.763,0.865,1,0.746,0.854,1,0.746,0.854
SIR01_sl1000_mr15_nv20_12,0.889,0.533,0.667,0.889,0.533,0.667,1,0.467,0.636,1,0.467,0.636,1,0.467,0.636,1,0.467,0.636
SIR01_sl1000_mr15_nv20_13,0.833,0.833,0.833,0.833,0.833,0.833,0.833,0.833,0.833,0.833,0.833,0.833,0.833,0.833,0.833,0.833,0.833,0.833
SIR01_sl1000_mr15_nv20_14,0.4,0.4,0.4,0.4,0.4,0.4,0.4,0.4,0.4,0.4,0.4,0.4,0.4,0.4,0.4,0.4,0.4,0.4
SIR01_sl1000_mr15_nv20_15,0.5,0.357,0.417,0.444,0.286,0.348,0.444,0.286,0.348,0.5,0.286,0.364,0.5,0.286,0.364,0.5,0.286,0.364
SIR01_sl1000_mr15_nv20_16,0.947,0.857,0.9,0.947,0.857,0.9,0.944,0.81,0.872,1,0.81,0.895,1,0.81,0.895,1,0.81,0.895
SIR01_sl1000_mr15_nv20_17,0.714,0.714,0.714,0.714,0.714,0.714,0.8,0.571,0.667,1,0.571,0.727,1,0.571,0.727,1,0.571,0.727
SIR01_sl1000_mr15_nv20_18,0.964,0.9,0.931,0.964,0.9,0.931,1,0.9,0.947,1,0.833,0.909,1,0.833,0.909,1,0.833,0.909
SIR01_sl1000_mr15_nv20_19,0.933,0.824,0.875,0.933,0.824,0.875,0.951,0.765,0.848,0.951,0.765,0.848,0.951,0.765,0.848,0.951,0.765,0.848
SIR01_sl1000_mr15_nv20_2,0.833,0.5,0.625,0.833,0.5,0.625,0.833,0.5,0.625,0.833,0.5,0.625,0.8,0.4,0.533,0.8,0.4,0.533
SIR01_sl1000_mr15_nv20_20,0.857,0.857,0.857,0.846,0.786,0.815,0.909,0.714,0.8,1,0.714,0.833,1,0.714,0.833,1,0.714,0.833
SIR01_sl1000_mr15_nv20_3,1,0.4,0.571,1,0.4,0.571,1,0.4,0.571,1,0.4,0.571,1,0.4,0.571,1,0.4,0.571
SIR01_sl1000_mr15_nv20_4,0.893,0.725,0.8,0.926,0.725,0.813,0.932,0.594,0.726,0.974,0.536,0.692,0.973,0.522,0.679,0.973,0.522,0.679
SIR01_sl1000_mr15_nv20_5,0.75,0.6,0.667,0.75,0.6,0.667,0.75,0.6,0.667,0.857,0.6,0.706,0.857,0.6,0.706,0.857,0.6,0.706
SIR01_sl1000_mr15_nv20_6,0.778,0.875,0.824,0.857,0.75,0.8,0.857,0.75,0.8,0.857,0.75,0.8,0.857,0.75,0.8,0.857,0.75,0.8
SIR01_sl1000_mr15_nv20_7,0.923,0.857,0.889,0.92,0.821,0.868,0.905,0.679,0.776,1,0.607,0.756,1,0.607,0.756,1,0.607,0.756
SIR01_sl1000_mr15_nv20_8,0.949,0.771,0.851,0.947,0.75,0.837,0.972,0.729,0.833,0.971,0.708,0.819,0.971,0.688,0.805,0.971,0.688,0.805
SIR01_sl1000_mr15_nv20_9,0.905,0.731,0.809,0.95,0.731,0.826,0.947,0.692,0.8,1,0.615,0.762,1,0.615,0.762,1,0.615,0.762
SIR01_sl1000_mr15_nv5_1,0.81,0.607,0.694,0.81,0.607,0.694,0.789,0.536,0.638,0.933,0.5,0.651,1,0.464,0.634,1,0.464,0.634
SIR01_sl1000_mr15_nv5_10,1,0.727,0.842,1,0.727,0.842,1,0.727,0.842,1,0.727,0.842,1,0.727,0.842,1,0.727,0.842
SIR01_sl1000_mr15_nv5_11,0.714,0.556,0.625,0.714,0.556,0.625,0.667,0.444,0.533,0.75,0.333,0.462,0.75,0.333,0.462,0.75,0.333,0.462
SIR01_sl1000_mr15_nv5_12,0.611,0.478,0.537,0.667,0.435,0.526,0.692,0.391,0.5,0.778,0.304,0.438,0.778,0.304,0.438,0.778,0.304,0.438
SIR01_sl1000_mr15_nv5_13,0.765,0.812,0.788,0.812,0.812,0.812,0.857,0.75,0.8,0.857,0.75,0.8,0.857,0.75,0.8,0.857,0.75,0.8
SIR01_sl1000_mr15_nv5_14,0.778,0.636,0.7,0.765,0.591,0.667,0.846,0.5,0.629,0.917,0.5,0.647,1,0.455,0.625,1,0.409,0.581
SIR01_sl1000_mr15_nv5_15,0.732,0.667,0.698,0.725,0.644,0.682,0.844,0.6,0.701,0.923,0.533,0.676,0.923,0.533,0.676,0.923,0.533,0.676
SIR01_sl1000_mr15_nv5_16,0.571,0.444,0.5,0.667,0.444,0.533,0.75,0.333,0.462,0.75,0.333,0.462,0.667,0.222,0.333,0.667,0.222,0.333
SIR01_sl1000_mr15_nv5_17,0.875,0.875,0.875,0.875,0.875,0.875,0.875,0.875,0.875,0.875,0.875,0.875,0.875,0.875,0.875,0.875,0.875,0.875
SIR01_sl1000_mr15_nv5_18,1,0.778,0.875,1,0.778,0.875,1,0.778,0.875,1,0.667,0.8,1,0.667,0.8,1,0.667,0.8
SIR01_sl1000_mr15_nv5_19,0.75,0.571,0.649,0.733,0.524,0.611,0.75,0.429,0.545,1,0.333,0.5,1,0.333,0.5,1,0.333,0.5
SIR01_sl1000_mr15_nv5_2,0.75,0.6,0.667,0.792,0.543,0.644,0.875,0.4,0.549,0.929,0.371,0.531,0.923,0.343,0.5,0.923,0.343,0.5
SIR01_sl1000_mr15_nv5_20,0.917,0.647,0.759,0.917,0.647,0.759,0.917,0.647,0.759,0.909,0.588,0.714,0.9,0.529,0.667,0.9,0.529,0.667
SIR01_sl1000_mr15_nv5_3,0.4,0.222,0.286,0.4,0.222,0.286,0.5,0.222,0.308,0.667,0.222,0.333,1,0.222,0.364,1,0.222,0.364
SIR01_sl1000_mr15_nv5_4,0.917,0.44,0.595,0.909,0.4,0.556,1,0.32,0.485,1,0.28,0.438,1,0.28,0.438,1,0.28,0.438
SIR01_sl1000_mr15_nv5_5,0.667,0.545,0.6,0.667,0.545,0.6,0.667,0.364,0.471,1,0.364,0.533,1,0.364,0.533,1,0.364,0.533
SIR01_sl1000_mr15_nv5_6,0.846,0.478,0.611,0.917,0.478,0.629,1,0.478,0.647,1,0.478,0.647,1,0.478,0.647,1,0.478,0.647
SIR01_sl1000_mr15_nv5_7,1,0.5,0.667,1,0.5,0.667,1,0.5,0.667,1,0.5,0.667,1,0.375,0.545,1,0.375,0.545
SIR01_sl1000_mr15_nv5_8,0.6,0.375,0.462,0.6,0.375,0.462,0.6,0.375,0.462,0.75,0.375,0.5,0.75,0.375,0.5,0.75,0.375,0.5
SIR01_sl1000_mr15_nv5_9,0.794,0.574,0.667,0.833,0.532,0.649,0.875,0.447,0.592,0.905,0.404,0.559,0.905,0.404,0.559,0.905,0.404,0.559
SIR01_sl1000_mr3_nv10_1,0.88,0.733,0.8,0.88,0.733,0.8,0.857,0.6,0.706,0.941,0.533,0.681,0.941,0.533,0.681,0.941,0.533,0.681
SIR01_sl1000_mr3_nv10_10,1,0.667,0.8,1,0.667,0.8,1,0.667,0.8,1,0.667,0.8,1,0.667,0.8,1,0.667,0.8
SIR01_sl1000_mr3_nv10_11,0.907,0.684,0.78,0.923,0.632,0.75,0.935,0.509,0.659,1,0.439,0.61,1,0.439,0.61,1,0.439,0.61
SIR01_sl1000_mr3_nv10_12,0.862,0.735,0.794,0.857,0.706,0.774,0.88,0.647,0.746,0.875,0.618,0.724,0.875,0.618,0.724,0.875,0.618,0.724
SIR01_sl1000_mr3_nv10_13,0.88,0.611,0.721,0.917,0.611,0.733,1,0.611,0.759,1,0.556,0.714,1,0.556,0.714,1,0.556,0.714
SIR01_sl1000_mr3_nv10_14,0.88,0.786,0.83,0.875,0.75,0.808,0.909,0.714,0.8,0.895,0.607,0.723,0.895,0.607,0.723,0.895,0.607,0.723
SIR01_sl1000_mr3_nv10_15,0.8,0.444,0.571,0.75,0.333,0.462,0.75,0.333,0.462,0.75,0.333,0.462,0.75,0.333,0.462,0.75,0.333,0.462
SIR01_sl1000_mr3_nv10_16,0.926,0.781,0.847,0.926,0.781,0.847,0.957,0.688,0.8,0.952,0.625,0.755,0.952,0.625,0.755,0.952,0.625,0.755
SIR01_sl1000_mr3_nv10_17,1,0.8,0.889,1,0.8,0.889,1,0.8,0.889,1,0.7,0.824,1,0.7,0.824,1,0.7,0.824
SIR01_sl1000_mr3_nv10_18,0.944,0.708,0.81,1,0.667,0.8,1,0.667,0.8,1,0.667,0.8,1,0.667,0.8,1,0.667,0.8
SIR01_sl1000_mr3_nv10_19,1,0.467,0.636,1,0.433,0.605,1,0.433,0.605,1,0.4,0.571,1,0.333,0.5,1,0.333,0.5
SIR01_sl1000_mr3_nv10_2,0.778,0.778,0.778,0.875,0.778,0.824,1,0.667,0.8,1,0.556,0.714,1,0.556,0.714,1,0.556,0.714
SIR01_sl1000_mr3_nv10_20,0.667,0.667,0.667,0.727,0.667,0.696,0.857,0.5,0.632,1,0.417,0.588,1,0.417,0.588,1,0.417,0.588
SIR01_sl1000_mr3_nv10_3,0.875,0.7,0.778,0.929,0.65,0.765,0.929,0.65,0.765,1,0.65,0.788,1,0.65,0.788,1,0.65,0.788
SIR01_sl1000_mr3_nv10_4,0.9,0.75,0.818,0.9,0.75,0.818,1,0.667,0.8,1,0.583,0.737,1,0.583,0.737,1,0.583,0.737
SIR01_sl1000_mr3_nv10_5,0.826,0.679,0.745,0.826,0.679,0.745,0.895,0.607,0.723,0.938,0.536,0.682,0.938,0.536,0.682,0.938,0.536,0.682
SIR01_sl1000_mr3_nv10_6,0.791,0.63,0.701,0.816,0.574,0.674,0.879,0.537,0.667,0.9,0.5,0.643,0.931,0.5,0.651,0.931,0.5,0.651
SIR01_sl1000_mr3_nv10_7,0.812,0.565,0.667,0.8,0.522,0.632,0.846,0.478,0.611,1,0.435,0.606,1,0.435,0.606,1,0.435,0.606
SIR01_sl1000_mr3_nv10_8,1,0.6,0.75,1,0.6,0.75,1,0.6,0.75,1,0.6,0.75,1,0.6,0.75,1,0.6,0.75
SIR01_sl1000_mr3_nv10_9,1,0.552,0.711,1,0.552,0.711,1,0.552,0.711,1,0.552,0.711,1,0.517,0.682,1,0.517,0.682
SIR01_sl250_mr15_nv10_1,0.571,0.706,0.632,0.6,0.706,0.649,0.632,0.706,0.667,0.667,0.706,0.686,0.667,0.706,0.686,0.667,0.706,0.686
SIR01_sl250_mr15_nv10_10,0.761,0.625,0.686,0.778,0.625,0.693,0.791,0.607,0.687,0.8,0.571,0.667,0.8,0.571,0.667,0.8,0.571,0.667
SIR01_sl250_mr15_nv10_11,0.571,0.5,0.533,0.6,0.5,0.545,0.6,0.5,0.545,0.6,0.5,0.545,0.6,0.5,0.545,0.6,0.5,0.545
SIR01_sl250_mr15_nv10_12,0.579,0.579,0.579,0.611,0.579,0.595,0.588,0.526,0.556,0.571,0.421,0.485,0.571,0.421,0.485,0.571,0.421,0.485
SIR01_sl250_mr15_nv10_13,0.556,0.385,0.455,0.556,0.385,0.455,0.625,0.385,0.476,0.667,0.308,0.421,0.667,0.308,0.421,0.8,0.308,0.444
SIR01_sl250_mr15_nv10_14,0.5,0.533,0.516,0.571,0.533,0.552,0.571,0.533,0.552,0.615,0.533,0.571,0.615,0.533,0.571,0.615,0.533,0.571
SIR01_sl250_mr15_nv10_15,0.286,0.25,0.267,0.4,0.25,0.308,0.4,0.25,0.308,0.5,0.25,0.333,0.333,0.125,0.182,0.333,0.125,0.182
SIR01_sl250_mr15_nv10_16,0.64,0.696,0.667,0.636,0.609,0.622,0.7,0.609,0.651,0.722,0.565,0.634,0.722,0.565,0.634,0.722,0.565,0.634
SIR01_sl250_mr15_nv10_17,1,1,1,1,1,1,1,1,1,1,1,1,1,1,1,1,1,1
SIR01_sl250_mr15_nv10_18,0.478,0.55,0.512,0.55,0.55,0.55,0.556,0.5,0.526,0.529,0.45,0.486,0.6,0.45,0.514,0.643,0.45,0.529
SIR01_sl250_mr15_nv10_19,0.75,0.857,0.8,0.75,0.857,0.8,0.75,0.857,0.8,0.75,0.857,0.8,0.75,0.857,0.8,0.75,0.857,0.8
SIR01_sl250_mr15_nv10_2,0.5,0.667,0.571,0.5,0.667,0.571,0.556,0.556,0.556,0.714,0.556,0.625,0.714,0.556,0.625,0.714,0.556,0.625
SIR01_sl250_mr15_nv10_20,0.429,0.429,0.429,0.429,0.429,0.429,0.5,0.429,0.462,0.6,0.429,0.5,0.6,0.429,0.5,0.6,0.429,0.5
SIR01_sl250_mr15_nv10_3,0.667,0.571,0.615,0.727,0.571,0.64,0.727,0.571,0.64,0.7,0.5,0.583,0.778,0.5,0.609,0.75,0.429,0.545
SIR01_sl250_mr15_nv10_4,0.545,0.5,0.522,0.545,0.5,0.522,0.545,0.5,0.522,0.545,0.5,0.522,0.545,0.5,0.522,0.545,0.5,0.522
SIR01_sl250_mr15_nv10_5,0.727,0.889,0.8,0.778,0.778,0.778,0.778,0.778,0.778,0.75,0.667,0.706,0.75,0.667,0.706,0.75,0.667,0.706
SIR01_sl250_mr15_nv10_6,0.5,0.465,0.482,0.5,0.442,0.469,0.577,0.349,0.435,0.591,0.302,0.4,0.591,0.302,0.4,0.6,0.279,0.381
SIR01_sl250_mr15_nv10_7,0.697,0.561,0.622,0.719,0.561,0.63,0.767,0.561,0.648,0.808,0.512,0.627,0.8,0.488,0.606,0.8,0.488,0.606
SIR01_sl250_mr15_nv10_8,0.714,0.556,0.625,0.714,0.556,0.625,0.6,0.333,0.429,0.75,0.333,0.462,0.667,0.222,0.333,0.667,0.222,0.333
SIR01_sl250_mr15_nv10_9,0.5,0.4,0.444,0.5,0.4,0.444,0.571,0.4,0.471,0.5,0.3,0.375,0.5,0.3,0.375,0.5,0.3,0.375
SIR01_sl500_mr15_nv10_1,1,0.4,0.571,1,0.4,0.571,1,0.4,0.571,1,0.4,0.571,1,0.4,0.571,1,0.4,0.571
SIR01_sl500_mr15_nv10_10,0.636,0.538,0.583,0.636,0.538,0.583,0.556,0.385,0.455,0.5,0.308,0.381,0.5,0.308,0.381,0.5,0.308,0.381
SIR01_sl500_mr15_nv10_11,0.786,0.647,0.71,0.833,0.588,0.69,0.833,0.588,0.69,0.875,0.412,0.56,0.875,0.412,0.56,0.875,0.412,0.56
SIR01_sl500_mr15_nv10_12,0.6,0.5,0.545,0.6,0.5,0.545,0.6,0.5,0.545,0.6,0.5,0.545,0.6,0.5,0.545,0.6,0.5,0.545
SIR01_sl500_mr15_nv10_13,0.571,0.571,0.571,0.571,0.571,0.571,0.4,0.286,0.333,0.5,0.143,0.222,0.5,0.143,0.222,0.5,0.143,0.222
SIR01_sl500_mr15_nv10_14,0.759,0.564,0.647,0.75,0.538,0.627,0.741,0.513,0.606,0.826,0.487,0.613,0.826,0.487,0.613,0.826,0.487,0.613
SIR01_sl500_mr15_nv10_15,0.645,0.667,0.656,0.655,0.633,0.644,0.762,0.533,0.627,0.8,0.533,0.64,0.789,0.5,0.612,0.833,0.5,0.625
SIR01_sl500_mr15_nv10_16,0.8,0.8,0.8,0.8,0.8,0.8,0.875,0.7,0.778,0.875,0.7,0.778,0.875,0.7,0.778,0.875,0.7,0.778
SIR01_sl500_mr15_nv10_17,0.692,0.692,0.692,0.692,0.692,0.692,0.75,0.692,0.72,0.75,0.692,0.72,0.75,0.692,0.72,0.75,0.692,0.72
SIR01_sl500_mr15_nv10_18,0.7,0.56,0.622,0.765,0.52,0.619,0.733,0.44,0.55,0.846,0.44,0.579,0.846,0.44,0.579,0.846,0.44,0.579
SIR01_sl500_mr15_nv10_19,0.8,0.593,0.681,0.842,0.593,0.696,0.842,0.593,0.696,0.882,0.556,0.682,0.938,0.556,0.698,0.938,0.556,0.698
SIR01_sl500_mr15_nv10_2,0.684,0.619,0.65,0.722,0.619,0.667,0.786,0.524,0.629,0.846,0.524,0.647,0.846,0.524,0.647,0.846,0.524,0.647
SIR01_sl500_mr15_nv10_20,0.909,0.8,0.851,0.909,0.8,0.851,0.882,0.6,0.714,0.882,0.6,0.714,0.882,0.6,0.714,0.882,0.6,0.714
SIR01_sl500_mr15_nv10_3,0.75,0.632,0.686,0.75,0.632,0.686,0.75,0.632,0.686,0.8,0.632,0.706,0.857,0.632,0.727,0.857,0.632,0.727
SIR01_sl500_mr15_nv10_4,0.868,0.673,0.759,0.914,0.653,0.762,0.967,0.592,0.734,1,0.51,0.676,1,0.49,0.658,1,0.49,0.658
SIR01_sl500_mr15_nv10_5,0.75,0.692,0.72,0.795,0.673,0.729,0.811,0.577,0.674,0.824,0.538,0.651,0.903,0.538,0.675,0.933,0.538,0.683
SIR01_sl500_mr15_nv10_6,0.967,1,0.983,0.964,0.931,0.947,1,0.862,0.926,1,0.793,0.885,1,0.793,0.885,1,0.793,0.885
SIR01_sl500_mr15_nv10_7,0.875,1,0.933,0.857,0.857,0.857,0.8,0.571,0.667,0.8,0.571,0.667,0.75,0.429,0.545,0.75,0.429,0.545
SIR01_sl500_mr15_nv10_8,0.75,0.375,0.5,0.75,0.375,0.5,0.75,0.375,0.5,0.75,0.375,0.5,0.75,0.375,0.5,0.75,0.375,0.5
SIR01_sl500_mr15_nv10_9,0.878,0.754,0.811,0.878,0.754,0.811,0.907,0.684,0.78,0.9,0.632,0.742,0.9,0.632,0.742,0.9,0.632,0.742
AVERAGE,0.774775,0.697494642857144,0.727033928571429,0.790694642857143,0.675001785714286,0.721187500000001,0.810867857142857,0.600096428571429,0.680723214285715,0.834328571428572,0.548932142857143,0.648980357142858,0.841425,0.540555357142857,0.644051785714286,0.845530357142857,0.5391375,0.643900000000001
